delta_0,gamma_0,eps_0,r_0,x0_infect_0,beta0_0,beta1_0,beta2_0,beta3_0,beta4_0,beta5_0,beta6_0,delta_1,gamma_1,eps_1,r_1,x0_infect_1,beta0_1,beta1_1,beta2_1,beta3_1,beta4_1,beta5_1,beta6_1,delta_2,gamma_2,eps_2,r_2,x0_infect_2,beta0_2,beta1_2,beta2_2,beta3_2,beta4_2,beta5_2,beta6_2,delta_3,gamma_3,eps_3,r_3,x0_infect_3,beta0_3,beta1_3,beta2_3,beta3_3,beta4_3,beta5_3,beta6_3
0.37591886530102253,0.12210168282014487,0.048762145858781976,0.8220855151397632,0.0002754043937143099,0.7783272906145656,0.5537389092849025,0.5282475275084132,0.6286922836361819,0.002660595745670012,0.38813034666332097,0.5340882197283318,0.37231187891824763,0.03567609019629877,0.25171251926100585,0.6580166789331477,6.955535662181523e-05,0.14721267585889916,0.9425567935980211,0.2885127401903866,0.8396122419515423,0.13631109432582753,0.5906900923662067,0.8022059574033632,0.08086383678124634,0.74843725453337,0.17604412536848596,0.5907401967268301,0.00026027093052877415,0.8363225346768376,0.5936144484073917,0.39913340033675576,0.5633193766689761,0.33344012737971507,0.08638312382310123,0.2938524017431388,0.11381674070114223,0.8261131496151776,0.6273002559448134,0.010304368860403413,8.204536807322467e-05,0.6230255426066588,0.531715883950466,0.1259195821369483,0.6256789838618986,0.858351233129177,0.665929362900011,0.3053738156376982
0.2140391464854685,0.7590263465915641,0.17565689665382828,0.42011059424280284,0.00027987381947897733,0.6168988899526416,0.19060022177206984,0.8334643088050115,0.6342792014144871,0.5254006235283372,0.35433960156626254,0.6421451792027061,0.11948914996626735,0.014327662072087785,0.13779256058709652,0.5665079366555741,0.00023690369535253136,0.16795690526487977,0.07702353150080668,0.11246016295884287,0.538387328726582,0.4832360008146977,0.9273482594313331,0.4817983961849816,0.32630578888163353,0.2724932222761019,0.5597217762973447,0.23901992662365054,0.00011990652045221731,0.728607389842636,0.7515324469979408,0.6845140791340257,0.5471634698867472,0.1342151913732664,0.5489891532574336,0.7822842191192273,0.6501589325861782,0.14775793227655074,0.08268156690083575,0.22951189194352406,9.904920058067697e-05,0.24533550354936248,0.9267684086440336,0.16683370327986685,0.021526602972056087,0.15551222210402732,0.27021437634999795,0.33604626148142247
0.6613710399490267,0.31296177280614745,0.09123919486637501,0.3931478798019196,0.00013217141106820562,0.03558860621025047,0.8341922312954243,0.1051313651638377,0.9958226930434985,0.3256340960802889,0.5840027403164696,0.18673100176228988,0.7368987658624645,0.19426717240195304,0.6100347435921664,0.18372972617413966,9.505901680036042e-05,0.054739394413649,0.33070748545895023,0.7555570833965074,0.28778768975597296,0.2853371053701959,0.4027697993250487,0.6399755185240427,0.4269313547775293,0.4194072710157729,0.7645855358416249,0.0446410970081504,0.0001628791498393425,0.8104869092904439,0.6438907785643684,0.40269676962516393,0.6611106805854475,0.7508383755993523,0.7971084742149054,0.6382389262186513,0.31379217323625774,0.12060065712992417,0.016820453052926437,0.42610755460470295,7.836874317758624e-05,0.16630961549563988,0.6732904470156044,0.5369752214005218,0.765989585352148,0.22483805881647345,0.68486364389489,0.16021685929618462
0.1958334958649929,0.5824393496195417,0.5642093378930674,0.3040292947824235,7.934840904382121e-05,0.24283463760646626,0.19723117657895187,0.7939127561376388,0.6645993971773262,0.4413064160899194,0.2916156272593116,0.033722286693946245,0.613839293380494,0.37339544006478337,0.29570990390565594,0.5355103484648616,0.00012115366744045194,0.13434871627112463,0.623113150009555,0.07704909257788142,0.22434026033937804,0.8963260092113096,0.6420843056686047,0.9570722537344262,0.05655698993572161,0.24949156269110115,0.4523693236564911,0.4548519243692616,2.0897066105759938e-05,0.05710367217706752,0.9917141157449209,0.3689745766926134,0.9816563163965372,0.09887991979305578,0.6831212886050073,0.31064552281138214,0.7382972234462238,0.1312812703779754,0.5500021610959456,0.4155985979785736,0.00012233688373225265,0.7433045960116321,0.15957272057250077,0.05743180572091883,0.3897677734284129,0.571410207701912,0.3505274691004079,0.03433432911734421
0.20056505513031167,0.6696675532903373,0.17061723521528355,0.681668737523968,0.00017230143486706524,0.9698162328019281,0.1625253219952975,0.6285549987800705,0.7034175970486011,0.2879440998908472,0.5063582759046248,0.12711481666281818,0.9580827826308621,0.03975615695510833,0.10417196494945768,0.22927321808329015,7.41171078561259e-05,0.7500777402587148,0.5979532288358828,0.8782658768910342,0.10558241687442427,0.7255236478583985,0.02014206416898976,0.004883103455479816,0.011453193944246919,0.0400993956766998,0.5070176436416046,0.22908234468095934,0.0001847781462027126,0.303360518350747,0.20631941145462632,0.7042568946418936,0.3580475895573987,0.31686538061046243,0.34348641867053975,0.37612195259267817,0.6082002891163522,0.30486600841504113,0.6063416888984108,0.14047320037193442,0.0001293205008523512,0.4629389655927929,0.3409063518132325,0.832997386692718,0.06746568190954265,0.4676796868407881,0.2571312094895872,0.3965907887151828
0.005898293400433125,0.8161728698445464,0.17476370551579962,0.11296694706984944,0.00022260867328544753,0.6506506058659268,0.9276758948460885,0.0025134431484905555,0.9828223162655241,0.8490193789350022,0.5464379277928085,0.731872884153921,0.1419982307574242,0.42694879646014905,0.19180594982331947,0.5890050542112233,0.00026589582215869463,0.8639333932118175,0.5372563760390134,0.48331166381257645,0.07812268054562857,0.9216667479434313,0.23492999793326186,0.86860660331322,0.36063492185904233,0.6102136971800093,0.031552123982466505,0.5728345030780262,0.00012810749829169003,0.8427916685339498,0.29806399093888,0.2259928330268709,0.24749270351026628,0.1447992533390081,0.8367450818519016,0.6127420996717672,0.9022861119533268,0.07252333352199462,0.06087261452418429,0.13102702975734823,0.00013003005561962298,0.19000324173879315,0.760226978754917,0.6842124208322089,0.7388878869243988,0.7181523217418996,0.9623928661953142,0.4916981137853214
0.660269340702398,0.2700438500657963,0.5332971201588692,0.2224326881468961,0.00014420430649756964,0.28368261400828126,0.7614713521966227,0.5985695524880845,0.2636733791435331,0.6837934455167038,0.008509806009716172,0.05317744956426734,0.07836438555463557,0.27784817640289255,0.2199151411261404,0.5745990158365238,2.7993059829983667e-05,0.578236334939034,0.6642281526691104,0.5980397688881326,0.25885228011852673,0.20840718321056917,0.5813524841064716,0.19313276035669638,0.3037754767324487,0.4048924199756891,0.08417911240235934,0.9050672304443008,0.00017918279299096557,0.5709231749981483,0.6140516855484983,0.902247250312498,0.9931173848494175,0.7328392352751095,0.4511745908415188,0.8895901534592087,0.5246379924000028,0.3402938044347066,0.18262332945016804,0.47845438238235133,0.00028102221034503476,0.2333603850475282,0.7611121499764232,0.9977608063831082,0.9144489320629983,0.6866843131068519,0.01100385653617363,0.4120715379390176
0.3635005615040758,0.4838768875785759,0.3928984605291335,0.09895217162997762,4.193205221632833e-05,0.3922014005437224,0.2627806448778753,0.1417699817202793,0.3075190736251888,0.7437966346928571,0.6695266654751262,0.048460295955206796,0.2004732842218139,0.028913401888003926,0.07630624906211285,0.8825153347114704,8.96806638514669e-05,0.7089679993337619,0.04567444286026518,0.24344895969554145,0.4852251509922308,0.22275899107363084,0.40423235556739906,0.7532974023912793,0.20470536575754286,0.7618788961424973,0.4839510512140403,0.03925295574941719,0.0002121698651400494,0.3966152795814272,0.7092198504655798,0.6795105461841454,0.5656919127517649,0.08350235220602245,0.8652481593025412,0.19405191117798673,0.6665749237851929,0.19468965973372623,0.31185116567113513,0.5115035138852312,2.5214415758016433e-05,0.3894638595854994,0.8731746887765748,0.4718860536897087,0.4724774461208869,0.955209282664948,0.1772015822480712,0.10716416030618281
0.19928728804118548,0.2132963117742318,0.1312203733070045,0.4964858592448223,2.140948379196873e-05,0.6257658984058504,0.7175867473394615,0.6134160096630095,0.06640821979744709,0.9425361111173731,0.9742910539268793,0.15804769257284917,0.1790696060043207,0.6072405746427573,0.5139490700445369,0.19094512424089274,6.664543642106477e-07,0.4570551467844274,0.618861603247355,0.20483413171816736,0.5724165647178138,0.34618440476413137,0.9197532557344129,0.39406381777881244,0.03382022643373613,0.7373706756085537,0.007724151456376831,0.9626456922521949,0.0002640420162083844,0.40864335125512236,0.13599984999687617,0.9050892048311954,0.34188953636450337,0.7922941371011147,0.8387675794106789,0.7140130489768792,0.22051834665631864,0.4911767685187773,0.43448940070027886,0.24413653826249734,0.0002219995800305298,0.4109294738388189,0.6346013171099685,0.9255740740260888,0.17300665875984794,0.44551250454807123,0.9213496837966996,0.6398857447990437
0.4771968847369947,0.1754880984057055,0.014994425711927535,0.01712868131392629,2.1136764752741713e-05,0.2070880029077479,0.7335569119862281,0.8257892720560098,0.22391579098202075,0.9193634474819962,0.8477291520666476,0.7160833798927748,0.527030535355013,0.005779883680766535,0.9488094860495041,0.030239351842127973,0.00021706945824818443,0.19868371032928958,0.10687052470115266,0.3012610681817352,0.5116235531900237,0.6630539795278162,0.35520411201744106,0.7094547530027521,0.04203148068807479,0.6790209158481905,0.61312483139397,0.19331638427694134,9.268605509329657e-05,0.10792131231353896,0.3907596316286078,0.24070834354710854,0.9271266622496627,0.3202160521457067,0.4169661953503677,0.30679755486520377,0.38811745092366673,0.1380833249355223,0.34063309168892686,0.24484086244672928,3.191136962309013e-05,0.4709988075986402,0.21889831111400215,0.9495351916862949,0.7073726693316599,0.35418652762931246,0.5940362670390525,0.46169277958817356
0.08372715448122128,0.611795855627248,0.4771756088235319,0.07881050227877087,4.5807733093102205e-05,0.05018032755782093,0.3483747071912314,0.8067868281852296,0.05314576377069197,0.7980982343240247,0.30150197639815574,0.1543355477391069,0.25722549708190906,0.16096692146639863,0.09603665195793522,0.26386483767774577,0.000100628147164067,0.48946925917025,0.9667029271370348,0.13161418077402295,0.10684811582830867,0.37569615449784893,0.5042929415144278,0.68512265335779,0.6035280656979464,0.13747572973177533,0.527827164518055,0.22235401612325767,0.0002230518925318615,0.00670561173517758,0.09634800073540263,0.21033253435552368,0.9751057779997229,0.44784820089497757,0.5230234501668283,0.9789320302341226,0.7675430483276368,0.12623118153110388,0.5550974936037373,0.08281308991194894,0.00026437474592483107,0.020029070355220148,0.9445124029173328,0.6513753899679389,0.5416773217507419,0.1511095527494771,0.0980426998341143,0.4250345972079209
0.3678301995348349,0.17354441998702302,0.533588480591432,0.3015413369187943,0.00018422093235350744,0.26448587481514524,0.002146397248944719,0.13113489561606803,0.9052782371683022,0.03989959499626279,0.44915839778869926,0.9212535312717647,0.00794981017794504,0.15272826968631478,0.08290854680409546,0.31383523024461013,0.000139072244233258,0.6223447781291916,0.8640915711924766,0.4887955852683063,0.7949144920071196,0.4692671002606075,0.815699407760597,0.21707025464398932,0.0846981724219528,0.6049824007297319,0.4986369986520855,0.08505859568038901,0.00023764095478898017,0.4781058612230616,0.8741192513384601,0.8342015632676753,0.31130939933131385,0.5558467570263991,0.4918904336358461,0.17813612417275843,0.30761074008928657,0.18060835955151813,0.13023847070065805,0.26554406690612814,0.00016610968120037845,0.5408392757300748,0.34120991752539975,0.6743143844182767,0.8431517393701927,0.6947477506338035,0.40575784774505225,0.04030934956134953
0.09778798623573572,0.6951273012772198,0.18588256608535472,0.5187488004669227,0.00019471024038171246,0.40183704454904706,0.9043604582993491,0.7160955966492947,0.06616373041920791,0.9716931888702751,0.4509990883230479,0.4530323064610514,0.7691223035458998,0.06738057562844128,0.4889487762777503,0.16951489668798775,0.0002492446729162781,0.6151996897787214,0.09221216246262588,0.13117825976815997,0.7117032891358276,0.41229004374725403,0.9922155459617829,0.02630939750473324,0.31317573409172805,0.5553098203907203,0.3860561088503229,0.37387837711848376,5.336236333124337e-05,0.00961511258332114,0.395180750225462,0.8704403292018543,0.4585390949122027,0.3325705494409623,0.3921478930150964,0.8770974830539261,0.08001889413127541,0.19854775780833314,0.13604110339615746,0.7937951545724272,0.0001428017836403038,0.4878702879272551,0.163307670327633,0.9364422682805089,0.671844192767046,0.3199912483554431,0.7615501601203921,0.5661789628450664
0.08733923205516506,0.3037528227414656,0.2996394729602661,0.06728045256269259,1.5050060877864209e-05,0.01868535879244036,0.9467701117686549,0.7586167028788317,0.4080834797126412,0.44745932708688485,0.4090555696455273,0.6309068692253859,0.4014525095492865,0.3425145758850958,0.24389561991253736,0.6629464350098272,0.0002813897167125702,0.9485348432977893,0.058244500463585924,0.3119552052813155,0.8099587191768879,0.7402441110007554,0.4553421551058161,0.5954008859026856,0.5345532585519549,0.43127365537870344,0.01390895563023585,0.7599435596397075,5.95644517731517e-06,0.47659371436534653,0.095716339214458,0.997210094371887,0.006314794573224586,0.5989748685134476,0.1443461696823369,0.9547760745146664,0.18517268946060786,0.7164067954094915,0.4787209304481767,0.33968787572787074,0.0002425758338422598,0.9659861676353522,0.6210509373354343,0.8715732449059663,0.8369739219253377,0.5647340079095848,0.8287440975927871,0.2192872390843037
0.7200685973671308,0.056368238928372894,0.019982480048280717,0.7741793161188126,7.605426829088026e-05,0.9673101501708116,0.7099933695716154,0.6451862712672068,0.0022594835630014285,0.20503782421000463,0.5178445886842872,0.7035229508350284,0.10044111446192995,0.7633985008831606,0.14105885253512992,0.7599448651293141,0.0001438133850087657,0.8088624289111133,0.954769018102998,0.5277788781093204,0.010069436713578506,0.10831183240925879,0.7734856070562472,0.7992011867991762,0.3926111073689221,0.2174262045720039,0.1722314070093081,0.14504672667969473,0.00015125276795128435,0.6452632399510769,0.46991173575597533,0.6838726295773448,0.11587358439558637,0.4877588612455251,0.5202888811360602,0.11121487687571308,0.749726943089859,0.22959630179740687,0.09322982611005239,0.3133283433481534,3.7112830172741314e-05,0.8365412275478215,0.15961978129869475,0.3754358739851162,0.4731987986222516,0.8455032297085072,0.014821416823231444,0.625910811960958
0.011943111573074915,0.958937854368053,0.5320440979653471,0.048853808048486776,0.00016798789965623756,0.4547079398619249,0.5697054143092809,0.9402325464234712,0.35998523841880525,0.4668254159861418,0.9907393796015284,0.6892359495314605,0.253784612965734,0.2932847801652158,0.07782184712957654,0.6537925983599124,0.0001598867521197621,0.007765239364820313,0.784102248514796,0.42409427664901966,0.9782968055969619,0.9028694000771765,0.40795563799743,0.12889129904490768,0.1964484596328772,0.4252479856627803,0.1024467121294639,0.8608621755144169,8.716391110376801e-05,0.9141455565197116,0.8120902252896754,0.27022839341632604,0.23648172641932927,0.37152486481362385,0.2037244341529745,0.954828596271203,0.7497698360381335,0.2176730409579234,0.2396250207174799,0.09810604698846549,2.238286036003735e-05,0.30279925730890517,0.3052909970784626,0.21793913203971838,0.43494931209774523,0.561559623126208,0.6424052808980752,0.21168925667708438
0.342640161028973,0.5301508815540181,0.1474960301464657,0.2644365929048417,3.5332245475602945e-05,0.6111687533534576,0.5609116159864227,0.3935686321288336,0.8052790605809291,0.8628109917114342,0.6264154016777203,0.4092146100083049,0.29729585562507516,0.5011919562738822,0.17072282739544803,0.20445167410016588,6.345401979123462e-05,0.881125381904107,0.8254377181113232,0.965047269817894,0.9065790204477344,0.2541121201520467,0.21964792418543122,0.3474516042919411,0.2276149793887201,0.6501869009593102,0.15086047944796585,0.21372900941308393,0.00022897916054365756,0.5997024508835077,0.17517236886623694,0.6302112236809232,0.7215871686134606,0.4887476345670753,0.7110651669918676,0.9337782206168492,0.01254719888348198,0.7339337986027518,0.36452736316393525,0.6282030292627901,7.267137026808483e-06,0.7039927022707321,0.6926185241988883,0.12576939399428763,0.025521805926814276,0.23806003032537879,0.8121460313808885,0.3261816955542767
0.11778964035768602,0.5691118511920021,0.7884020171178948,0.0957231589905936,0.0002769787974580535,0.5588321044352227,0.8965445248920217,0.08186461425305283,0.9500299800824732,0.3944585725206509,0.07861297879283793,0.06702991802693752,0.26150799816458375,0.14216712518982974,0.05068934260233233,0.6084365119302974,1.4371478271005057e-05,0.09181554095242551,0.31272180236712366,0.46984752874143465,0.7754792000900126,0.46342669098872935,0.5906498158526592,0.9965017903373754,0.7418507692619652,0.2551527526504162,0.5162987913043868,0.4052582367591658,7.641697084174565e-05,0.4723088738827254,0.17642398128686881,0.6960458355571508,0.46680097073256877,0.5601972870278051,0.2610071785787023,0.7304107738534892,0.04943916090726625,0.41874454824901874,0.3448347049651014,0.6381347102696806,0.0001522820309375058,0.23497867328697875,0.6339614928593137,0.012109212868872442,0.17137731004398055,0.8888077501383322,0.9732405257807392,0.45032885492252384
0.39488609813655845,0.44442747841998953,0.3731697904240873,0.5304148198364107,1.1157056890467216e-05,0.7117582600981379,0.9426845369664011,0.7978279703595225,0.7915153032197373,0.6423702578497956,0.9550006005323552,0.45041976468703215,0.13515932552503926,0.3731620920464171,0.422110245972798,0.3186031538255951,0.00018082588919869877,0.3255749013365894,0.18606607160246771,0.8837655867105999,0.7058697905340953,0.3802581329592711,0.7927026426953085,0.27501105202568316,0.08778721338262266,0.5224926198825357,0.292388303933015,0.017549562966145165,9.449908230474384e-05,0.5483540068109896,0.21622982000457236,0.2648638040072581,0.9171273611519276,0.8916847008465929,0.9258381007882943,0.4310385509665693,0.266354926038522,0.04397753751565088,0.6626304099767806,0.2817387563809545,5.483869499685888e-05,0.36505732151438625,0.8624080227014014,0.44944474599803597,0.5871705327860611,0.4399818172281049,0.10492682339408177,0.3452841916122713
0.021532852250002323,0.4658203960836229,0.375387996005407,0.031652283789356216,0.00022388291918010896,0.7978073163249577,0.42698579527895464,0.6248366313605025,0.8823848664413015,0.1058428794202666,0.8226007526050343,0.16027084533273933,0.5035067125449066,0.24654778121080687,0.0009515529569483758,0.9567155716350297,3.780091669392433e-05,0.8848000315729673,0.36647879484336815,0.002471509727197783,0.06724692735375697,0.8426488565477637,0.5300658551694437,0.5767387030382355,0.22487945344058335,0.06856366806246954,0.23753892008675678,0.724719563302284,2.3627344789988057e-05,0.9917895945637232,0.09585383857842635,0.3132745929549675,0.35482307860070184,0.6247234231779282,0.9289332981483152,0.23619809474811213,0.3087331505976043,0.21343189300010412,0.34863072573173026,0.14724606187000797,0.00018197818262289279,0.1160452546635804,0.0011208766811836577,0.27555516248544304,0.9036631334205423,0.7078173339204966,0.3401659399080096,0.4880199292050004
0.2123817580882299,0.7686893883048461,0.4570506960222761,0.24981570940499573,0.0002770867348651098,0.13251180772395263,0.16146322242581396,0.9969469871833622,0.8751866503028438,0.5191054954067104,0.37837279940359253,0.3010432425951784,0.3180403872461076,0.5560852711561041,0.5791704945791699,0.11797772774287996,0.00011568566363414143,0.5697546668964577,0.8551454226258499,0.2735823946629942,0.24009062598606543,0.8356444825604337,0.40238104808776815,0.43650514916193084,0.22498584713051206,0.042907002225022486,0.7457383919480237,0.04990532716524871,2.7434148497004127e-05,0.9870043347054629,0.8270071698334149,0.27010736354190407,0.05644534163216958,0.2457550553241574,0.7764835083335434,0.7858639832395892,0.1336380929261631,0.1711579484675549,0.03698208268054933,0.7333640686189868,9.37530581773087e-05,0.9785405996511712,0.8091413959407285,0.030640992439532857,0.7037150105274523,0.7013148932319185,0.12790750127165437,0.9085841658168554
0.010176822006412557,0.474230333150703,0.16923316778640146,0.3932256758655905,2.4059613144570084e-05,0.01674468192305643,0.6251398907630328,0.3073058177731506,0.05328280492470211,0.7005929032361642,0.9419369670476494,0.8190824343204163,0.29387759954291365,0.3603145203451553,0.3158508760029278,0.5788034483307734,0.0002501657595707719,0.17999998724633065,0.8582746410464924,0.5588788685940029,0.4239211929867934,0.5777233250933126,0.7843065002783608,0.13469604627415185,0.025008144557749332,0.6426664391828008,0.4023597007668454,0.5752644576577794,0.00012781218900398986,0.9759594088001556,0.5141118834979839,0.5774346950731174,0.8032485762128938,0.8726052945157771,0.9460099994074035,0.6650558577507839,0.5378540324338362,0.4372567383609375,0.2539683246136824,0.27294394290489227,0.0002246781673703346,0.152342237102246,0.681981767400717,0.5621625198074754,0.16975745496861322,0.10428463217719286,0.4080369968116974,0.2342278269067064
0.5355640242405462,0.12109749710577598,0.7096852443946137,0.15117038372926692,0.00016657262841929233,0.2680732632209604,0.6937607997550461,0.4429725114452926,0.28823192340794385,0.5043542626303624,0.588588752425743,0.15524972650466679,0.23064209331017016,0.4910865841214566,0.36525703809036386,0.2992452661901905,0.00015172868727387438,0.9746459384959355,0.2382854476628324,0.38309189671120375,0.7981629325040595,0.14398699073005514,0.8168645026700828,0.7701927469439016,0.08601613510730624,0.8047401145208452,0.3585641025471771,0.14504545381212072,5.838185681983355e-06,0.13611302366148534,0.008337380916238582,0.38837847986149615,0.2155755618547579,0.07814401948894148,0.257161115468906,0.9832774462416233,0.03703190973681499,0.21451011575224432,0.08676400517850227,0.3882507992807643,3.58322144602403e-05,0.5191494422929135,0.07326199106033375,0.394402728657475,0.2987216997390641,0.6713150957930276,0.07751510539800568,0.32102393830587883
0.3687154936007358,0.19958254056195826,0.3725665369711911,0.20691182534869015,9.479710647545136e-05,0.08100306651450842,0.5071108820876522,0.1626506268938271,0.7129039298015023,0.5801291393835698,0.6840191094125256,0.2562219102586462,0.26147909211892667,0.051847171666041865,0.33358461871440936,0.48809356214721017,0.0002473003422922175,0.059158518037524414,0.4117309000738642,0.5179599622765502,0.4550795544018893,0.5004423865553768,0.9746813164800116,0.7745790524701809,0.8620036390491516,0.022584964823279628,0.1173540130134505,0.6006989055851949,8.851086004483562e-05,0.43593789992734056,0.10975099634726193,0.0013427555796815534,0.49950261682010094,0.7023352651799674,0.6466119965423578,0.8623653766554499,0.27265215412391347,0.2825418318094161,0.9729941062288129,0.004751695296958288,0.00010823864065877683,0.10718243756145285,0.19367364009985336,0.40683221365338346,0.26450297976306875,0.2684178973209949,0.6891087493750362,0.13720568734174918
0.008281497080157121,0.7421868079677686,0.22062438018408548,0.3212842420997726,0.00011190942866390478,0.729981226860805,0.9409004602497476,0.6841051914893055,0.42796717706927734,0.4921270111153821,0.42569787704797823,0.6474658244731594,0.6217859235617201,0.3281155599745529,0.5555700962328486,0.18949051184997237,0.0002369469940562564,0.30766005309032685,0.683830908113395,0.6597138933194096,0.9603439654691336,0.5777772893302663,0.7149749495724121,0.3317197661132817,0.8005764923931873,0.08334168351311247,0.30953336354784244,0.2651655531812053,2.4201458837070854e-05,0.9862790688824515,0.5172252181794262,0.5725419234165118,0.2985501536967509,0.6938381642098171,0.6345116427918149,0.21289325308650842,0.5067098508803285,0.3552406419165628,0.2151078276593651,0.05843281105655346,2.0563351702274044e-05,0.5139401114792962,0.9691655014614555,0.07251177026761461,0.30147028420355054,0.2636446323438932,0.5763107093366556,0.06885726216062553
0.1409551577718626,0.08406387761750803,0.80135916840302,0.10387271869431859,0.00019980036624972776,0.013579845570905844,0.3357593442952346,0.8533823717316862,0.31043122636802134,0.9339318282076339,0.05380275868197554,0.914998309916011,0.7233623041863317,0.17945911104921913,0.605843757449963,0.07255542047788281,0.00019740048661664425,0.10583423770351408,0.045056376927513256,0.5146435215311064,0.681958986946281,0.8320296958520537,0.5888400660897848,0.7434401601241891,0.5629524574440881,0.09526103944916443,0.3520976093630399,0.24620445007029576,0.00014361538340977817,0.4506804459463578,0.6367547806002178,0.04928644100197516,0.8481271299064038,0.5846216828511291,0.5724056508741104,0.3939442423847695,0.6448061150126052,0.25791762785222777,0.5931140693664505,0.023320141495050215,0.00019035986718360688,0.0726898501659236,0.851327734593941,0.7550936694658171,0.5186843459750972,0.15708101529175406,0.2271158104520723,0.930975689076434
0.7303936204313165,0.11429105922266292,0.07587808682913204,0.08671169025575157,0.0001065951741546409,0.07058326394620411,0.23347251535645652,0.8697516916515227,0.8724600860428025,0.8539213361808938,0.33714986311079576,0.6640604386024249,0.3036879755228569,0.6642575623933666,0.41504387121365877,0.07119928176385786,0.00022206659726077584,0.8954514455046386,0.9560422051350913,0.7755853133201924,0.4338280188340423,0.9622204657421113,0.24795057366697046,0.20007070073212332,0.38650664628411674,0.2635719582381814,0.6301093370250448,0.3067344289843722,0.00016074014045035074,0.622088423206304,0.7388427782690847,0.7768130893579163,0.6691505365761123,0.3684721229317604,0.3097756178743777,0.9681257177501198,0.11472573563183341,0.6157102200747736,0.4304487649098957,0.32797344616984303,3.94549132156512e-05,0.7990177364418289,0.014548247610832385,0.1532234562720441,0.7670463336393274,0.6400843241246025,0.9634306194579527,0.06824982562691821
0.42914347836985267,0.3984015158332292,0.406488368311443,0.20586315222930965,0.00025243282716760115,0.6726806357886541,0.6792863261500393,0.503715078944226,0.72160041381395,0.18474165401799394,0.00614480902431635,0.8772931890633553,0.017934530860507985,0.5405602860128519,0.21285566689086377,0.07142205569460396,3.4242964606026594e-05,0.6430030293707618,0.13042289710177565,0.029035235945466725,0.3076430367515509,0.402329845351516,0.007628402721288723,0.3606804606423969,0.6932558662942484,0.19411212202924102,0.4404202413067426,0.5310693802108049,0.00018489559983359756,0.08422799021592323,0.6342715007326822,0.7266351493805312,0.16161547864090858,0.3170839390774307,0.14261470478508761,0.43624268307157377,0.23048365278597194,0.1503163744682385,0.6158121140374776,0.07272826403683134,9.160145792013353e-05,0.17985393683085343,0.06022218436162979,0.647032255937037,0.1851781489623238,0.7092701686163269,0.6725631247778217,0.09536690128862181
0.30855650483173735,0.22977319057440826,0.18256506551355692,0.3858478048208311,1.7991470344112925e-06,0.16669873052168466,0.7006315946827001,0.5079868196775932,0.9882254978859712,0.05298188219947214,0.19421320184367966,0.9338316889046571,0.4336326607312503,0.2747595325666193,0.06329940023440843,0.6804592367037406,0.00012891831619948904,0.7832709311095288,0.029370781413000285,0.7641389208753202,0.19631002778958487,0.15125072137273907,0.768421425870019,0.25852963688214264,0.14210234082815806,0.8421755170658264,0.08654085546086901,0.7534314723958944,4.782295584694175e-06,0.35771443435672123,0.5366757626558073,0.034185851156887624,0.9608107739418374,0.2262008745113605,0.16043397295612555,0.09085676716453152,0.6652682323117098,0.22438948541353398,0.3833344447174916,0.12098882921997232,1.6982103300869182e-05,0.5338191948275728,0.05405373241741157,0.36213753799766296,0.2723184884313697,0.847601917927701,0.16479956262245915,0.08634731401830212
0.042022016418178224,0.41796582275249583,0.12865276791314392,0.07491736686292964,0.0002572635410494293,0.4782947813716511,0.4481092379260877,0.2736737678591396,0.8950105829064353,0.05966382841028311,0.703502548310976,0.760934057813309,0.1724313096820293,0.767205820866885,0.7666115964037032,0.18364884912328208,5.605197231098546e-05,0.26989978061012637,0.6243780564808161,0.5683691157440939,0.04683531413786297,0.09283995573620686,0.3888107457263161,0.7526957157998453,0.05306984624030625,0.06876277390589096,0.7659205305427579,0.06881105649663759,0.00017247839527888425,0.07505347816209788,0.23040266240770235,0.346264120427478,0.6997521344926013,0.6284380315271387,0.3430946130523024,0.826628603253373,0.11922179888990679,0.31672811130565737,0.1274244343758791,0.33228050985473434,0.00021362612366199868,0.04151570262638911,0.8098719148286162,0.9662112635728609,0.8546161054639408,0.30794019897368496,0.2496857391376532,0.6259621291607473
0.11753804452414751,0.7293571001773681,0.39124989636350566,0.4747102654918987,2.2125639978993325e-05,0.26558307695179134,0.7645296086430117,0.8989672376963751,0.28155231050557644,0.08156462220827979,0.19876920234022669,0.37444940540976185,0.15898009568009047,0.26870820086342934,0.36109444827234294,0.48391488823907464,0.00025068196257761695,0.5705048683412636,0.42375257309983594,0.17276501123544646,0.24632880542134247,0.36270473092301475,0.9157580901994637,0.25002818987048653,0.5716190371256042,0.3740483984713953,0.40014003200831444,0.39986577767623493,0.00019528746306647198,0.036301089563249254,0.40850662204438953,0.49554145495784646,0.4003149326141368,0.634577560275948,0.492333750094676,0.29826337257988694,0.20875958396288663,0.25840594586778637,0.36260626136506996,0.5815083135588686,0.00016956399206035096,0.05454769084883121,0.8311371308586882,0.5079918271914973,0.5477710756789099,0.4290596830981902,0.7058256837467188,0.0702178271157498
0.06277946801426053,0.6376649317530952,0.01146319779859094,0.16712888225144046,0.00014459643597381844,0.7117671149589998,0.08097914550366439,0.6948864522392321,0.9596570777069665,0.2356543181115779,0.0010752647104852462,0.9229427129650523,0.2182073135662863,0.5912039488307858,0.3207470404780295,0.6660199000083706,0.00014110574854342168,0.6772796323340332,0.4946048282166116,0.5081658001850609,0.7597466301809068,0.5284057437930778,0.16141772351049494,0.9466950398141616,0.2678536171564007,0.5498499728013377,0.30577047352757003,0.2725139980357976,0.0002089080014687054,0.19491935949729303,0.7407917391789165,0.19406179996709352,0.19328735097838304,0.7948974453537586,0.15503252361096048,0.11124835457036253,0.09587859842748327,0.3645405339198991,0.09640153454179702,0.6390574454509841,9.920970208972397e-05,0.6054606894918291,0.617915461453714,0.6736438978260062,0.5251954743386861,0.4303168907092032,0.0904850421474528,0.8329804583190594
0.47475806569670914,0.24428586402924032,0.28499830658034014,0.37853169578905116,0.0001527217597747157,0.6446710369440591,0.16298129650228194,0.5222502770420426,0.035579096899910644,0.552957549072415,0.5319080175763237,0.3923465953343272,0.09717155723456884,0.004279235550383228,0.45745796620509305,0.02977903635708309,5.3450636518782105e-05,0.9641714023810103,0.16276749651543393,0.7170810002137135,0.3645814561154285,0.28666962668323587,0.776081104156795,0.4035250888109549,0.21372761993216127,0.7643400917513651,0.5018956413083033,0.14686715256937719,0.00015515560019820272,0.5203259506991326,0.33514853927274024,0.7736068452476472,0.05773488968216606,0.5660391572762739,0.4609706534867406,0.3356646505603551,0.22337060507942064,0.42386857549946333,0.2706159115228864,0.3620926693514906,0.00019571734931969772,0.29635684211585184,0.605300978444372,0.47193730615099583,0.03755570946803174,0.9770213331567092,0.20246470185120694,0.18351020007164268
0.7642286579621831,0.17363274862044303,0.4545693404943695,0.06987186409826833,7.133942517873634e-05,0.6851132538738409,0.6981347042886404,0.16512348912547775,0.8313162224498405,0.16635192802249515,0.07114315197478653,0.4370280390516782,0.3151320505415318,0.08545221063700462,0.40199201579159777,0.5180073012014129,4.099503423464615e-06,0.5325302711267552,0.17976759092879852,0.6837175593769023,0.7396991540120429,0.22605821647401392,0.4187342690148088,0.24321860072054444,0.29478716406656363,0.48848358590682256,0.08284805862746417,0.42016791916662977,2.1884418015846973e-05,0.17584345957235675,0.720157637280253,0.3368755820980788,0.1564869328517035,0.28166736329673076,0.5341622287408774,0.31968777518619884,0.3725917411489474,0.20708953540469813,0.25300449722686863,0.10560759508516859,0.00014635132387963413,0.9136611382652675,0.689124804111154,0.9774769306240313,0.4012895863103924,0.018752010913184774,0.7081708268555365,0.8835180454307902
0.720240417137485,0.19006133096515912,0.8092476768389488,0.13396024198202913,0.0002264055617176915,0.2886168755792509,0.16115966115368957,0.9785019290237826,0.07686820662602681,0.9958172862348659,0.1524173303750693,0.46422156882190546,0.735357879685547,0.06703283863467495,0.7515766021646194,0.213276859257712,2.763452620485764e-05,0.5042952535899282,0.20612491808285296,0.06206645363081747,0.5971905364493723,0.056707482682027466,0.3276718186128711,0.45600599882297477,0.12812854656513092,0.12410128866977442,0.24380954968695565,0.5363466570455129,0.0002711548932357142,0.9649009986974395,0.5326886404887435,0.10831981395031531,0.09372754696571119,0.8001579226290139,0.14751371095815544,0.6188073813952825,0.4389581348410223,0.39917772037624105,0.10756177792798816,0.23323436852428447,3.802553013881209e-05,0.7499067824810243,0.3743849849850636,0.4175445955201773,0.905126000184218,0.7050470082197079,0.8529780145121018,0.126050998040897
0.06046207249620177,0.047710128874481623,0.45245288766607694,0.43981033122049185,0.00011277562784206522,0.35273860036312354,0.901548961167195,0.43879520407337624,0.5780464367047587,0.6244239811569883,0.2377539969135581,0.15250109514159357,0.1355416719752591,0.3906258905869087,0.06213878052393434,0.026998512561386384,2.766514779724948e-05,0.20178306174323438,0.5576172053330093,0.8601353095336183,0.013525695985114314,0.6645397479809028,0.5776039096796171,0.12311403260885999,0.04097273909315842,0.17372615817856168,0.6735150969033141,0.03168878525354698,7.1469193462245465e-06,0.30354242167704454,0.08519012072228152,0.43670584144383817,0.2204096302066202,0.921115612280373,0.8207317254664688,0.10398516484515731,0.1348846214798389,0.3936869710515268,0.45934252079256555,0.12710817595571208,0.00014313472875594524,0.34643123474214477,0.4468539554568909,0.18556200604230613,0.25830449015255436,0.7437152593981393,0.3924581178979529,0.988868003116406
0.5735642161041942,0.1390220537072083,0.3012714883825471,0.2730399846733657,9.974087579972287e-05,0.0713800095671158,0.6857929163848773,0.7740818073602951,0.33684322926706833,0.09721447672395735,0.5466144647067737,0.5207384533868283,0.25174333351075734,0.6126379278847033,0.6727378314472363,0.0034022970164415663,4.3271178198435574e-05,0.2929548870949013,0.9347473769023317,0.22442766442543427,0.2945446704425156,0.7757256837730292,0.762019844616379,0.26150009098626753,0.1724954583572174,0.5560081857297542,0.924066589138285,0.051913618374549615,2.7439353856243395e-05,0.14110550667722452,0.018962028700196237,0.8340598208088741,0.2237110050619363,0.7215700675612298,0.13351001210402344,0.1609399584865953,0.02714284034623002,0.9276907126200786,0.8905578672880027,0.08538525056727034,0.00015043429628238268,0.5786237447021813,0.7163541100189034,0.2992997008691071,0.21204792713770293,0.6822887946943197,0.5772396501973404,0.11834396213939168
0.2630267849054653,0.12136132017260025,0.3344355716488623,0.07993943118330618,0.00026337604131134075,0.10718755040282335,0.9685766191291965,0.42344479447723415,0.17392568900968758,0.9585143491122873,0.26974276096781263,0.8514002918570299,0.0253394901261341,0.32943224398969473,0.1296052592134844,0.00560684356156937,0.0001112917933518325,0.5349749672151759,0.8544839798351719,0.048267535116842515,0.07601932212067279,0.16645782674360593,0.721243016937828,0.7182857715771535,0.06750878662703312,0.7200822998351147,0.6076929730544043,0.3583654721683308,0.00023475805320878127,0.5073857065329015,0.681897440626739,0.7054418669314666,0.7210496277103356,0.8784268535815636,0.031593678087646314,0.04555704030071268,0.22863082834277082,0.5038738236317323,0.23105059432690644,0.5064219101683888,0.0002619402896369901,0.575087586418119,0.9314381365860245,0.002303244832831729,0.3266963456894415,0.7479532667578341,0.8854598418172517,0.0551056905254898
0.6447892675537877,0.04778978715400412,0.4424558925471137,0.05308556281230886,5.656641627274582e-05,0.6192168407692917,0.0765304913078613,0.585410741698213,0.6490472838824238,0.2835582204902288,0.677960608100352,0.03128078273216991,0.6786399626878012,0.30871717190498615,0.7253913216532482,0.017223145756651164,9.637125046242688e-05,0.22767634341170173,0.03953138942449681,0.2697573699344295,0.4582562291774682,0.4487961875590537,0.7836770649168049,0.38027779673236156,0.1512963137795232,0.6589652160539727,0.005543702130873625,0.5123934900355624,5.626652960398984e-05,0.529164822582206,0.1585013464522967,0.48453873151319166,0.04123012688799517,0.22478896116124558,0.3833161431128778,0.1841487383839613,0.1684535459265431,0.288976230686743,0.3517179502003883,0.3233614880150971,9.042897067943547e-05,0.15830574960621774,0.3040516990315684,0.6074723176355442,0.36249997966714437,0.5997735825893836,0.482762912382887,0.29871674278359345
0.4663110814409679,0.42404227777005854,0.4043916413864587,0.37864427406922924,4.5474227306482866e-05,0.7130880327913959,0.04438703882268265,0.25885727970313216,0.665953195469895,0.10682918399851493,0.4338038291967653,0.2520013982171779,0.742050274516401,0.1572848378398372,0.020507537909808617,0.7871587164372252,0.00017908484531682268,0.17649266287036408,0.6249262558840925,0.3984226847153573,0.9391705220673283,0.8534884410573044,0.34554292305100653,0.17433143389274047,0.7425001362810107,0.011650760081084776,0.2410887709459628,0.37673607336672116,6.0413822731629215e-05,0.37484421659142036,0.8375377787008674,0.6644133590096263,0.8598122775042282,0.6778936267455515,0.8591345590439218,0.9897353159248893,0.25034265815390583,0.2157222796692868,0.10511647431475224,0.810816028729823,0.0001697081107957016,0.5635507668626039,0.12758656697143697,0.06518068352481492,0.16137297945151957,0.35926855325001517,0.06734714493585152,0.47922541639036614
0.1664522347276584,0.12872654924573243,0.5132754532035938,0.010673446492061023,7.826174680856856e-05,0.8964962372946687,0.31536829806057787,0.30349384233072835,0.9789067658566712,0.4423411271679666,0.6699185228925144,0.19415123799939574,0.625681947237091,0.023936098799125036,0.1792514167144011,0.16741195632195577,0.00028831402379144583,0.7333070656756053,0.2639521157407699,0.1649618791122785,0.08942557748939897,0.4640476973984804,0.22612516962463103,0.18097689380582463,0.48103138769502635,0.1975708375692883,0.06058870048041936,0.47285501701689975,0.00013655347160799924,0.26704085436893094,0.822687254731681,0.7310760397877232,0.3427864707100311,0.8257021393244605,0.27665510241286767,0.06759094467398978,0.13462180151430211,0.4464293045564196,0.44235580942243025,0.3982412066087135,5.6595082310732716e-05,0.005671185988770805,0.23160434631537052,0.18393343890357686,0.8649043314245561,0.5933420774521545,0.8110609233532126,0.43334671660400625
0.11921293791974207,0.143909247358278,0.7651261910833743,0.14473925253579653,2.0493961319919512e-06,0.5686186939737758,0.993976362568278,0.19498042599836665,0.15776212643556448,0.7751486023717852,0.11781897184824208,0.6640696801422932,0.35197881741259995,0.6341286891842087,0.20353040500172995,0.22480550987180414,0.0001811452565642794,0.8129128766408033,0.9555095974718097,0.20578324896742153,0.38619195080761287,0.7229846393037407,0.6643364825854904,0.951649119881811,0.004374459978977448,0.9837097947038026,0.11027119884416947,0.8034736020519817,0.00017250774071277025,0.15351979538931088,0.34318682871020156,0.567972623657214,0.38277170742803396,0.340453805061388,0.23745495531273073,0.7801795370401139,0.4016770453101723,0.12142163593633624,0.046432424501008325,0.8216430312136953,0.00015360695649268823,0.4403763689944248,0.16833204192624757,0.055570409555238676,0.3366126520232743,0.23356961153564293,0.2541464567757818,0.5814934068059434
0.7578810370731033,0.21636685769185915,0.7010585694800374,0.17300319706146955,0.00023321607132540244,0.9315099098815235,0.8949055685735575,0.3373024620987011,0.8450297571650089,0.4731205401679592,0.7865371535004461,0.3782025426837479,0.24300655329323537,0.04351874775518057,0.06784206181184087,0.4717772348359184,2.3800848017724604e-05,0.6550305337750951,0.2289637746952906,0.6458393439090173,0.9565754934938843,0.05160907121117093,0.32245456051547616,0.07883009005645483,0.2415663355756372,0.3671422449415959,0.40112680141256624,0.040210994237734735,0.0002333431975377215,0.564309839746216,0.10628276483458288,0.0785552491366324,0.3091920079684518,0.02614638799825128,0.0013299646900457591,0.6391341175975109,0.5755854799199336,0.3044743483102675,0.43514791990706647,0.5176944795690597,3.778156867045791e-06,0.9023659079358284,0.015316308835731414,0.8080685351066447,0.8417424194815911,0.9397533128192548,0.34166892057234655,0.8127533760002653
0.18401325554122408,0.028426008806274966,0.002997889688871822,0.13888595584780714,0.0002093460147631413,0.3255777824017939,0.7526531263205737,0.4471583776385777,0.2346172851807533,0.3077467408498372,0.27497273118826054,0.8267619196077769,0.7173819969277203,0.16967334156740127,0.4554259848873171,0.3693798985484265,0.00027043274168112144,0.9218214696448787,0.16798838729222682,0.6624476684085806,0.5408737760024089,0.8921146553632607,0.23581340879300128,0.18312800909184193,0.8845734400375068,0.07943276381349543,0.26019419344330447,0.0388847927530553,0.0002841988167994103,0.9720630900206216,0.2782239291001137,0.05490273810416341,0.8773539015292764,0.1303552227575324,0.08962494540360791,0.16328122813388463,0.6864128928850176,0.01254750706787554,0.22681005768180784,0.6378180714851615,0.00010513216654430029,0.3382705311505929,0.9236802539185891,0.5556065299914665,0.4832699912546327,0.18677553914902714,0.40841225330853365,0.3946525721584036
0.1032538559930747,0.13376655993384076,0.7261127829676463,0.07201692596210589,7.276757480475257e-05,0.8732205346186904,0.8561897866303692,0.6391277713423915,0.4556087893862142,0.03209158144486709,0.9272425401923016,0.31514996804051254,0.08374087497422925,0.24650859629611951,0.5988454130296859,0.157810947214377,0.00019775078094056578,0.5670342370448829,0.6753416750430503,0.7786154226086306,0.46912913743789153,0.30416133035064213,0.20936557905044162,0.2809721382490398,0.4109747011818668,0.40884469159385833,0.1484042079284252,0.7647005515154823,0.00020201451601112072,0.7954862200292778,0.9012656008960513,0.4802807250196676,0.008822924803713708,0.16871633739211772,0.3987199856834715,0.19036318088652862,0.32641629139466455,0.19839220622036083,0.42560439497062363,0.024449058658240628,0.00023277272331783484,0.3263947954128571,0.989731015728977,0.5886973783183046,0.09163180745469236,0.5719278652605586,0.13856052007863215,0.5388534466162673
0.1593514020907682,0.3400607732535259,0.3176622960258121,0.49006017468751256,9.10123054039979e-06,0.20312517843630898,0.2407037389327301,0.7800511789172351,0.5524493316310257,0.15393164076050508,0.2587314406530749,0.15000738082703155,0.4228654849579385,0.38465253727951604,0.020356115811221966,0.6266142744872697,0.00020476306993009544,0.5108817600752352,0.5337100694058269,0.6340537760972121,0.5171472304856017,0.03587997779687232,0.24330734258438733,0.8077328335513329,0.9073743554188003,0.07218392811509448,0.3943032216401254,0.32234633656405753,0.00017501476990468268,0.5006744821208009,0.9495981119914539,0.14539420621693463,0.12436529166501518,0.6121673486918585,0.33780740844286494,0.9365551627472741,0.3851950771877141,0.07738010452778979,0.8667644977906495,0.03984255869420113,0.0001561159570890871,0.6582069361282601,0.27642277438339696,0.6123079500048836,0.8204527578671119,0.4535154561925795,0.8320177397546457,0.8433756305327976
0.4480294538382237,0.46252020903538016,0.40827026972792796,0.27207551069735986,0.00018712480341338708,0.12564791778975734,0.49727867285761457,0.6826680915543981,0.4380380984488682,0.2528671706372077,0.37392142001110434,0.696698274331318,0.052483716349754184,0.5520324351413219,0.041420340567128025,0.3321847753300221,0.0002044621332736012,0.7774934223501951,0.4525959415176912,0.9203333613319423,0.4386175851467883,0.5974017679376677,0.34214574172441103,0.14818742684178596,0.2059622496765439,0.7439011691622154,0.3181948914232048,0.6462200749420937,4.367149036952608e-05,0.205094831301632,0.31015335638562835,0.4385079092164963,0.34178250736796756,0.4428279791752786,0.14388737708450702,0.16453944528115289,0.48179653242882353,0.08346485880076507,0.12339311979975807,0.6492104370983296,0.00027008925671131843,0.9538688205802843,0.08406695440284631,0.633215564055618,0.33843743794054204,0.2598163514328195,0.8306544734598704,0.23824630108032194
0.6932146370240603,0.12210369428757005,0.3133322438448811,0.4661361028276759,0.00010634329036529891,0.37316511542166736,0.42046090763051613,0.5387089500095139,0.36941726001375913,0.6063132802463344,0.4429461085145884,0.6585724087707846,0.4498434769031079,0.23411548545064553,0.10672703423268892,0.8666312145069026,4.782009402959126e-05,0.4169721773100683,0.45692278165863287,0.2635229538977432,0.22148304727628743,0.8102843980796359,0.23399113956484408,0.8713789736417646,0.07712146763186847,0.37122411754517387,0.041918453191313335,0.9373866459021332,0.00018658776127796294,0.9581226140638645,0.5565523931732372,0.8815284629273864,0.3036365499453702,0.3379644914685558,0.5758451243093863,0.3557265167833372,0.5322818615810452,0.07311040555327435,0.24842823786408394,0.008898708756332687,0.00013450607867824575,0.02648462850107766,0.19176406246501135,0.43856620485199915,0.3934515830531968,0.7922361968201347,0.7307731243407674,0.7188945697952784
0.467873048386668,0.4787840624736504,0.7540117883135989,0.04688004956496145,1.4120728641508326e-05,0.6033549703798043,0.3173290078934148,0.3334172589426312,0.6427191406909802,0.8489539185347912,0.32133537399843237,0.23685460560201585,0.08345716731844391,0.4409214148843822,0.18728749997765617,0.470152056787142,0.0002084011963728092,0.09000880344699727,0.17628851878103463,0.5319436555748518,0.6684347334034529,0.5825062457622056,0.9791133671789805,0.4590854319823008,0.32337103514908017,0.6024713452010285,0.28508594567225193,0.4971308263831982,0.0002551728662355209,0.28490129698602346,0.6643974583858554,0.8241118097797658,0.9945631649160542,0.9980888376537735,0.37020777429265045,0.8065752607012988,0.4871526390323761,0.11368618351101367,0.3107469575513089,0.6168305309633597,0.0001925654798002795,0.15821163823811984,0.8786782286825204,0.6248444669485758,0.7715742504556223,0.32772099840140256,0.9891396084062363,0.05686931490123853
0.3955420203409528,0.5935583772031096,0.4499677581967826,0.2282893153800475,0.00028552372958217775,0.3334776729586162,0.30193883954646455,0.3092823270380989,0.6317919969583431,0.5493182558097931,0.8697602307394146,0.24719396945834624,0.0573308859975063,0.005312548214267183,0.20538803486057702,0.11666171247788926,0.00024790237817877685,0.9553064017817536,0.43574304068095504,0.9006323423706961,0.20927343552185929,0.8110212610873622,0.2712599109052179,0.5252104669074867,0.48548004603589684,0.3838050114175355,0.19964824899967107,0.5479846281103224,0.00020938251089271473,0.6805634664604733,0.7862262578807044,0.039858471357701444,0.8632262493108227,0.816434147494282,0.5014424792487019,0.2507601418378495,0.00998568746121874,0.9463238357734791,0.5579138796472602,0.13602390567097497,0.0002822946654453029,0.21109845345528966,0.7867316649358794,0.07933560354215666,0.8304082082253431,0.544649430389585,0.900294551246557,0.06529580463017208
0.4829513309297247,0.12215858682585777,0.26554244242347175,0.26760831913389677,0.0002313989908645541,0.5041574149322487,0.8693732562522888,0.022992195272864866,0.5491934415640048,0.1544968702413551,0.8252172354841973,0.750034746006822,0.09037964260171973,0.47654903856615677,0.185268766656588,0.44880369245014595,0.00010264013840742015,0.9498269621453772,0.7409481882787167,0.5285582164680936,0.9856697267547974,0.012019821149298658,0.60077431001911,0.22409810660932739,0.04675732677824657,0.0840418979385116,0.5566418083288737,0.0337598553199567,0.00021188400051273617,0.38524690841409187,0.13864002422296026,0.035252980449075065,0.022519646582346932,0.03548346930595122,0.526024606025357,0.1592666211190344,0.3166462726772433,0.48689004782115247,0.03671121584254607,0.886950185659223,9.033648731867269e-05,0.9968206842425462,0.9696007220353368,0.20198073848157397,0.036466229071871324,0.06767221989759901,0.6114371437055494,0.29923079664148294
0.11496547524526668,0.5270612500240087,0.03717057524810737,0.683257398796574,1.5565511541050568e-05,0.21574496682418987,0.38855705214356223,0.5614887919311918,0.802348307882344,0.29190061072961165,0.9148365771377781,0.12722554448922782,0.0463568201783991,0.6065937265964543,0.3204675737392404,0.054586591020404696,0.00023325648472174347,0.7331090924998187,0.5577424911191537,0.1196505331810541,0.582441541892799,0.5459082677069058,0.8430771656368266,0.8046689857729383,0.005073728008606611,0.14021570042314765,0.05076195999365935,0.37692309137847996,0.0001661840360083767,0.4377411096698579,0.7168168638770054,0.05980204733230526,0.9912483893527311,0.3006100036461699,0.23489437070024066,0.5183424428487516,0.25777034385881764,0.7035521354890761,0.4758628373104849,0.2361544890221122,0.00026123483363879146,0.2075058190731737,0.6358178216528788,0.163233951083039,0.651877210628608,0.7487318491115162,0.4042580543515107,0.3499905183302172
0.2447222438216323,0.2613141579203028,0.2330460413146147,0.09050707948048566,0.00018251777494853225,0.5612202125805574,0.8621251295311021,0.7498310220797842,0.8668649761189186,0.7868925395343744,0.626244843979879,0.8042815497763061,0.5102946019874479,0.01499093548597273,0.873960424210907,0.09011303886443192,2.6698289555368165e-05,0.5147000437692921,0.9225643078022466,0.9828966514361276,0.3145139959004082,0.20814712510775527,0.5116617067641623,0.9501744505947095,0.0071822127118404905,0.9166483202436703,0.09717614278491106,0.25284093899496,4.460266072334147e-05,0.3048358328684993,0.1756416376209417,0.36863274932063744,0.594826253862816,0.23765768121177497,0.3628359186997511,0.08298623877461267,0.9035103046386049,0.09247562547336909,0.49789527858632715,0.24770151768770096,0.00011542117286962316,0.5372746950429509,0.16029069073025243,0.3315665338223448,0.5588738275664205,0.546001195759023,0.15764975595714964,0.9827484579734624
0.666224994273072,0.188224217436511,0.539668589146182,0.2956404090188755,3.531886460971239e-05,0.7798623880383593,0.3919699896177163,0.04709649158749369,0.93513600821677,0.8366459655350059,0.5852711213539429,0.06902360295612824,0.12357843541417056,0.4411748871692036,0.3802227245918471,0.18826657125002924,3.350156717087793e-05,0.5741665034928403,0.24948082530562796,0.9648259680448987,0.2074250123057814,0.889244923419878,0.8209564738582203,0.8758105783343014,0.07916737207804983,0.28296898803195586,0.09695933560193494,0.7050941002660389,0.00016997274016013734,0.8716392467886669,0.5154626644897632,0.5951089076561652,0.2562810369238922,0.7669725316379702,0.22741584444376783,0.8584467783696714,0.31772162698013295,0.09434003079193055,0.2531799071065846,0.7162358091524825,7.536170804953986e-05,0.3221786926482728,0.4663314843034805,0.2957718652939982,0.8760512142284501,0.419856164447561,0.03642905537836635,0.5034971180448214
0.8068466581034588,0.17987489377967886,0.10259421696700312,0.20194096946465837,3.116799860403895e-05,0.509007772307062,0.8605641051036483,0.42745750005522376,0.6708936466219474,0.4424710722685238,0.7382868974150915,0.20732787099448005,0.6390672644548567,0.19565584034632447,0.8993189644337113,0.08605251424594187,0.00017321580336039993,0.6845549702475391,0.6309927741168515,0.7970557562568088,0.05330466321255917,0.3195481388507382,0.13898343970779,0.7567566667820584,0.19582651549922683,0.6927502850267307,0.12944520908606869,0.11140520221327377,0.00011535633895091535,0.04706124438922516,0.9501160510031236,0.6253388898043148,0.4221338249567662,0.0255544909659102,0.7410476079718091,0.7489762790980816,0.11061668553634041,0.07489969451106164,0.1922263171372474,0.19075797385334084,0.00023490322445970978,0.17558362841028236,0.6164816827126179,0.39971478541940236,0.13719875164417125,0.5902368911587408,0.6835747797686343,0.23843042423919966
0.07381757865013942,0.7183177758232691,0.22000894140563143,0.6692557181546207,0.00015557369294201664,0.49996469014386496,0.5972237173436722,0.3759028058927169,0.7483548272893233,0.1927911151517049,0.6631321677871657,0.37359610094119117,0.4659965065112587,0.36770771199871716,0.1709936026990137,0.19126731708006708,5.157678690526909e-05,0.19628263498397783,0.4475266101770268,0.5052514391400305,0.3904548858166747,0.47999639268874733,0.4512818773808631,0.5034068355600186,0.5399327607462854,0.3265603313496075,0.4874995673571088,0.4261459176637209,0.00021439125479283752,0.6989213322439318,0.3442176663347728,0.27523406497434083,0.720857886605862,0.30118234409242156,0.4651632347760598,0.3174590558479421,0.6041925830753085,0.048267666534584426,0.12044293951514372,0.15080763193341226,0.00019123723615003583,0.8847938270238533,0.9040863553110423,0.5919963975885303,0.6137997450952852,0.13806750725816339,0.4399946133997943,0.9341575567274671
0.0672214724541819,0.17052985977133311,0.11837402025381237,0.04343892001808909,7.792480177571698e-05,0.2915533392713902,0.7615732375875741,0.5582855746700685,0.6143596369443369,0.24109277902665546,0.33620813022192864,0.6310082571652592,0.2673793403188924,0.11477483936620991,0.7932308649803584,0.12710536353543386,0.000182772341028993,0.7986543470488852,0.5097087314726785,0.18620280646617562,0.73812589393491,0.8267499121017179,0.5608287996660233,0.9785302088012873,0.49851328319224447,0.16256322871076717,0.19433548260511171,0.19404852952350174,0.0002637712947425724,0.6675424269802969,0.14937461043964548,0.49918935905791567,0.6776257113914828,0.36885226320266956,0.29435371697197293,0.9485906255397804,0.3682225713970259,0.012401106787949466,0.4403456963285052,0.16770512158333323,0.00018868127495195346,0.8601384986458266,0.8642270319507207,0.586395006878496,0.5748048854262136,0.7949760895805815,0.23705446783835724,0.9300090856014672
0.43068887290573643,0.525018510723226,0.363420014071904,0.061597838307088364,0.00011749563493877015,0.7348690978916386,0.9290023104057937,0.933998784783608,0.7845603582268075,0.8007267223259139,0.6790905837987153,0.7963204061583697,0.29135935993432155,0.2559708238770602,0.6080649630776149,0.24485505024842466,4.3333296081772686e-05,0.6554124177745666,0.3510985415733826,0.18730499157979388,0.15578229485334122,0.10564706563335069,0.1886586934873711,0.5187635328492215,0.3154353915896897,0.4060005331856123,0.10786591263079592,0.3628890960198475,0.0002049894765868554,0.659015204038134,0.09050378692324947,0.7686469244254123,0.03578500410586013,0.09647663387073736,0.79975975613898,0.03581332004786727,0.6506959781578164,0.11616981216296096,0.005736514954033928,0.33818959858852715,5.2364430378513964e-05,0.81469132122982,0.8683463093234587,0.8403404101136684,0.8867228627180502,0.595838693651075,0.47754575565922247,0.19108803484475193
0.041499917525830335,0.9256177100124884,0.22351811412832534,0.6609183273014285,0.00012896179777810166,0.4883200202804467,0.5690992583258283,0.829488760213068,0.5500515576983721,0.848137851014931,0.14023821785379795,0.8125109621882519,0.09886951475045304,0.2818509420929876,0.07933737825853385,0.541529191674001,0.00018609950932245756,0.5578478126622197,0.7739460467636784,0.08511182028409439,0.7954144877037332,0.40591185655153267,0.40073005813327406,0.15400724267310179,0.2951977648431163,0.031084286070082814,0.12033974741948349,0.4717313735860036,1.820646084106577e-05,0.8850718789371123,0.7818615053551664,0.8374151509144486,0.06298085929911472,0.6175282153506992,0.15753608622408427,0.39083167993032925,0.04694623637829105,0.6880737945536045,0.5849818464003845,0.09090684140445006,0.00015825423857013915,0.3201596176444529,0.9121559673624987,0.5241960421766444,0.8298883005733988,0.2734175755715587,0.27504827062093246,0.7275846855756135
0.006992161172838512,0.42007221618764734,0.22874091686287434,0.04448720731154661,0.0002783591033296357,0.4627554510760481,0.49134438591378465,0.7209334330956066,0.7137587037289732,0.6964022181528541,0.04455543298900673,0.6727070795770158,0.4280352474858997,0.3166006876968148,0.39302974317421796,0.10047531665039945,0.0001272958795940433,0.17783222050676278,0.4220270710269125,0.43203284582828516,0.779621780298559,0.7692920786200868,0.9906052248183251,0.10312354512246637,0.4387697181839457,0.27224693751632173,0.3583169095179747,0.058918315868363436,9.291145591575474e-05,0.259574595653633,0.8074353129383944,0.5244189081304363,0.9507855268129927,0.9373037328631452,0.9456445462628256,0.9582999152132783,0.5537678045307861,0.24076071318264267,0.05475606530387128,0.3857897337732897,0.00015393039346256286,0.48676860867060673,0.15958182959070838,0.8056508894319389,0.9141236289667024,0.3282063047657412,0.5469230864926447,0.7617828610845654
0.10852828878757348,0.3957501152018557,0.3905363673458016,0.12029334824215741,0.00017005449932665443,0.19668347522660282,0.6837674027862467,0.5008996802533346,0.07970923612053607,0.7210708415530637,0.1477206938898402,0.26325822859048026,0.0906666152414859,0.6329157393432547,0.2549718756764779,0.24500251239145085,9.898787995347084e-05,0.3008089517439719,0.21583838014939682,0.9861395841378743,0.12747305415960228,0.6942556423280462,0.812787984931274,0.6855101686172205,0.5906473026114243,0.09978658223891503,0.2797661721868166,0.0014453533562017722,0.00010461913259222768,0.3021647051001208,0.19269518876570993,0.6490616439413319,0.8115707505668835,0.6811799720069516,0.893370747894917,0.940636846412689,0.5727500769226394,0.16311050049759607,0.035716444382458544,0.7931149336873636,0.00028519248675350613,0.9471362850710736,0.5379391224779317,0.5963140285991384,0.5858858706346145,0.38910149924676857,0.894957943255556,0.47309397068740217
0.09951248825445826,0.30082174474636975,0.0033726667583948685,0.32773043424878967,8.684729722190384e-05,0.16755024542392355,0.7293526661378731,0.8551698183388762,0.196017965642915,0.2443960317123813,0.3431701918419161,0.5147438608019576,0.3675742355996417,0.5659964671070751,0.5736730091681614,0.066387170689349,1.693051154683746e-05,0.4586120962653454,0.890754096473968,0.39143980690526475,0.24106534601681726,0.7981715740169625,0.027408507012837008,0.6042672532417256,0.10071636245681882,0.06972606585421308,0.4752190963728313,0.19158100387541602,4.403614417258015e-05,0.958635489796893,0.9148852438179644,0.9549607561638421,0.1923272996551675,0.5673132661131303,0.041879355898411366,0.4720242816023279,0.3154050383241531,0.002149329603444937,0.08676744114177029,0.18320209023813597,5.2970469204748205e-05,0.7878017390564339,0.5875796844258819,0.8046152356831865,0.019353543807739994,0.6808852331404781,0.6639723253218115,0.04523407144168307
0.4335791806764989,0.1593598796640257,0.7255756900907478,0.1874911613949755,6.873929001823058e-05,0.9205199395618758,0.15658888661049858,0.3814866326525133,0.23231744262650222,0.8810391286391552,0.6896098892900914,0.3792819742840486,0.22108457440259022,0.7487060077489361,0.33163785254415856,0.3891779412805702,9.630443930260344e-05,0.34071567511677403,0.5062471205052486,0.8791515884120115,0.2655210771685365,0.8736328153606321,0.9306232674844184,0.026501603779247457,0.34056678562970355,0.1611413972604409,0.23063637585769037,0.6861341038523368,4.139884963586522e-05,0.31506708714796927,0.913271067436809,0.3856151769927438,0.8934268079565948,0.30866892694516446,0.7829108959811526,0.5357268967415301,0.0320128180642146,0.5180330426959422,0.6035376245645935,0.3884376954868339,9.904054790438659e-05,0.4161077904767427,0.6837761773447779,0.004443655413787436,0.7497334118026628,0.2970328674348888,0.6006997262718269,0.042679484720505714
0.30027269549393837,0.2276010125627156,0.4934694613347697,0.4887890795170536,0.0001736541378067633,0.6775465976633417,0.9742417370929347,0.3449141108771079,0.32354201188035936,0.23608010316477446,0.8759473205605538,0.2898935306818344,0.394338750763173,0.1980811137815102,0.0745743941523808,0.4224599260132882,0.00012955183854917893,0.2399682475751352,0.9658530189975489,0.8987500804726937,0.36814606701424907,0.25941005702110215,0.17156250907971088,0.08640039416942061,0.3848543698005951,0.38026584428554694,0.11344482366553243,0.011490189574413156,0.00017116341351652834,0.40018480070788404,0.3393074582578586,0.9381194870926496,0.9039807297155537,0.15066798931924283,0.2363589428059608,0.143364553740658,0.17083088645684247,0.19908283779786998,0.11003688176614634,0.7599900490376736,4.991148121764686e-06,0.4761494287134,0.9075178249266223,0.48632562510587257,0.16166804240312888,0.1584935111006452,0.5429754446201804,0.3584591498212145
0.3761297822513317,0.5229788535589376,0.2749976350513,0.05064367719535296,0.00020001947740035247,0.2835408121054906,0.32533391613052454,0.42175432650853173,0.4108524628073958,0.5841425527850275,0.8543551004205969,0.4351622280960806,0.7991988026344448,0.012271280790100746,0.004771015981103629,0.9947169500460016,0.00024649007431919563,0.1469254814388817,0.5020470745541326,0.12717420686574007,0.8424434346795594,0.18047727267061936,0.23040837453108287,0.9469943834396359,0.16799464868232655,0.1557719330284319,0.3864846260700257,0.5634792085954533,0.0002349397982582406,0.7369978293598035,0.2008329906787603,0.8973261832931689,0.8074353472676693,0.18167056297107279,0.7565438759112373,0.8737215767357366,0.3738656588031029,0.4865338594880065,0.2441450473517813,0.20081809579322654,0.0002693800628346355,0.23423529109174457,0.9649036477252757,0.2659933849323614,0.22616215396621842,0.8791600340636683,0.8266017591191425,0.9939154313174339
0.9507245104446267,0.02782320016218595,0.2854149825884809,0.6544600594993149,0.00024294958821463098,0.26561878117384335,0.088664185751577,0.596328849792076,0.5353802843729302,0.7919711768439364,0.873196808289016,0.652755774623214,0.7058415912215861,0.028426887784215177,0.4763799966644496,0.2286851434611984,0.00021088694778482122,0.8812685842550557,0.7280700375793655,0.3519937233901862,0.7974777032051439,0.45225959322992537,0.5619651545371459,0.12433095339102905,0.9089949905197817,0.05005765779326316,0.14014961175138338,0.8293217653430056,1.005388191058126e-05,0.35688709147719866,0.7529958181119908,0.246736597416753,0.12254145984093932,0.24255995337216749,0.5056002693268038,0.44287889314305806,0.5176636697019827,0.3960065542027144,0.1288190022570956,0.1229638574649413,0.00025286829649491863,0.9855009895674679,0.5890834855087912,0.5605466861554627,0.6008833705924707,0.7304933495763247,0.16065687402205048,0.9569104107459983
0.5531917276907378,0.11176366088090128,0.45794553817513006,0.3121369892850865,2.9719042037325828e-05,0.5171308674317696,0.3566379645059645,0.07554189970885165,0.43493386334577944,0.4666881076808175,0.17255648478428204,0.47908891658412484,0.08671570941119647,0.02350160171210156,0.26641036449274696,0.4975255720209785,1.769202118187419e-05,0.32745025419140494,0.23568260378008277,0.9518866856498742,0.6571421854471076,0.14284771611159328,0.8145161378816465,0.6713029254258133,0.35937548269121655,0.30758010992834606,0.36189236329066815,0.448369887552283,0.0002281787571836028,0.7530125937417966,0.1867798747297277,0.06298650461319759,0.24875833785739107,0.5843007043989722,0.19454520182249882,0.274810295306223,0.6244249468232508,0.12288639533283761,0.6016141979608797,0.33201015347836693,8.512549125236083e-05,0.22339489242776156,0.1503541325975338,0.3964290599932733,0.884714429137586,0.25673182319846016,0.7741661885647877,0.2666910151523873
0.0410755209010782,0.4430380964584979,0.02618537351186498,0.3024811204048056,0.00022508679004499478,0.10661222725140496,0.544259816023933,0.9866062125910435,0.0033151160845032975,0.8156708285761868,0.4018337495949304,0.16953721783369452,0.671461215922013,0.21131352625873234,0.5330711617900413,0.09164706250458367,0.00014959956748401983,0.8732731581536315,0.4771449167434481,0.10430894285803871,0.5721171003869309,0.5878809202856637,0.8565154639330075,0.8804793043904894,0.06051306624926971,0.29724177040271743,0.2741336127744322,0.1011020221229424,0.00020031573557394196,0.26427062647238614,0.845048480656558,0.8263269909427614,0.8660201240270543,0.06484244205733906,0.397692411667584,0.09148240073659498,0.8340383213443978,0.12722300353427937,0.7939413928315214,0.1386998637058072,0.00011690893914534871,0.9352484581950199,0.9095204929525613,0.40010936397889646,0.2635760373807427,0.8954992463055189,0.23328982179318503,0.14154480162576075
0.1870491530066433,0.4046199751503287,0.479952432228494,0.057966301176012036,0.00017188500514057382,0.43898430853349546,0.048468130999443866,0.2464868081718676,0.06382750854756007,0.028987162293156427,0.838440370392081,0.46050088489434604,0.058330696676158034,0.6967781130622266,0.34540927870126104,0.5546438870538412,0.00012642232808654882,0.3908245663751529,0.8417981730470032,0.08422397011698038,0.020609555727999808,0.8803396627447294,0.23829628693844893,0.0321500070551571,0.4203626995461226,0.46046724711628895,0.935462631193915,0.06411038785278982,0.00013757076134933826,0.541853214059729,0.5132033829742917,0.09995912203840009,0.9382733613160515,0.9234614465449795,0.26720857610324883,0.9539605120925253,0.3524194123104287,0.0901775099230249,0.675596797590042,0.1403449368708692,0.00021355577052440623,0.4301573087985544,0.5906788665334047,0.5522799562582416,0.4769392438144205,0.013950792547858568,0.5099862385532828,0.2778577919040169
0.6242993969258309,0.273414670412004,0.24088542533973342,0.13180971119305293,1.6485716676720494e-05,0.5700166683837236,0.31969143557276947,0.48901262322201805,0.39612610442200874,0.06343074143352594,0.06416945086229668,0.9494031129081989,0.46815615320310566,0.3502125954559927,0.3135466690893153,0.012099128094377397,0.0001644803464397986,0.002657744861870091,0.30466916994948706,0.9531332564071987,0.4305052069005576,0.7097706889935356,0.8566866900582706,0.07663680824453858,0.2717593513773708,0.7279744293533531,0.21807432816412664,0.14493831103792362,3.893354362537919e-05,0.38540040994762464,0.5872868672202874,0.8021378075669146,0.6977407666283753,0.5907863316535502,0.46644498139608637,0.9928068608603793,0.4434354330445921,0.07497250155590433,0.5020140410032228,0.0013890898751652832,0.0001527365960871876,0.8103427869128226,0.9707099129336131,0.38726589363961333,0.5922698073073802,0.17557113578916422,0.030463185673995388,0.9699254589473478
0.698777541715379,0.08176068792467542,0.1374240602831269,0.5008065435365086,0.00013827260938809114,0.01501633634096254,0.9612478134620248,0.910262121965671,0.8883887284983925,0.2068056348759865,0.9998281016380399,0.7931519904188794,0.28730356667814133,0.5841327033255763,0.3835954493634767,0.2312879970650371,0.00017548571121481693,0.3698363250598074,0.36115161647590605,0.8177274595953143,0.28289268872128,0.7338878803191712,0.12998841742992426,0.7054643286636528,0.15104476795897268,0.028011776620378098,0.10953016178555852,0.8475935381881703,6.491691707334367e-05,0.15878952430909093,0.02579028615920762,0.5381541709297223,0.19645534731010986,0.19407102135103252,0.7889832016175751,0.4913661391005379,0.1226235550166118,0.7480596587398542,0.4224581500455248,0.4971539281648473,0.00013953078226372655,0.0788035175838683,0.9174337612345828,0.7277654302731831,0.8009448322294551,0.8359191311613832,0.2708655687066522,0.03137547827348671
0.19203397970810468,0.18357213117155438,0.2651254067861883,0.7066734491391345,4.994775402333991e-05,0.7985472042969568,0.4080116261663829,0.8030119843138744,0.0215551927487456,0.17927492406622364,0.02360211112523034,0.15997422051968974,0.07295003123384973,0.12447951112015963,0.08223272975429854,0.7501017670246677,1.334725199460748e-05,0.7909987149530378,0.5368274774457108,0.22755839696113522,0.3495067162913016,0.3491783422232757,0.1368543386981846,0.749353399511399,0.5134945218215782,0.34383147899661415,0.13322910061967827,0.8455060803163426,0.00028390837941960466,0.5346109295565755,0.7633432295588386,0.0005696674170664331,0.13635354153104548,0.3094226044450744,0.012855030818319723,0.17783382533749797,0.5205965696980909,0.04685706270813989,0.4063131421585427,0.41378068251092265,0.00012227510381268198,0.6418653737524502,0.7507169571369083,0.09208757503521682,0.15854085024338177,0.3828168265559522,0.943710165812912,0.7222272837310765
0.031051050705224594,0.8468323072175833,0.13261381400435465,0.7475510226524459,5.574641483672484e-05,0.616650142684766,0.8555449181728411,0.7408243783512466,0.8668560136909671,0.22156486982682078,0.15601969771055296,0.5056730416355911,0.6282276267328192,0.25380914537142624,0.48115392631132287,0.36712774697702616,0.00012690055359205335,0.35590990948262746,0.13601972125740988,0.6710572335160622,0.9188705046884164,0.9796883984552109,0.6880345758172665,0.783413288299388,0.3411013741654336,0.1971869906882712,0.2511850356248762,0.027723106737619657,2.3597586022871784e-05,0.056390239708536904,0.15675931277230454,0.7840740873926959,0.8786249988851547,0.3095159133726556,0.5712792095034396,0.898336565755505,0.015819963858895596,0.06667978153854452,0.05726051867502374,0.025603546175886092,0.000158120344432228,0.6266574954852152,0.021380621291799386,0.01967009130141848,0.04564443410361147,0.5514112348147872,0.37350366201057666,0.1703983478820092
0.4362363114988925,0.013603816923605225,0.525728708738369,0.3791102627668053,9.369198783259585e-05,0.015328898797882335,0.5370138845598089,0.5717936388774805,0.40856777678890793,0.25600944406169396,0.8270564548395553,0.5023418927213632,0.0549607791737316,0.23583685812458277,0.6063183637456582,0.18788079015452067,0.0002558508684670081,0.0608515362243574,0.9942492596953978,0.38035507894307713,0.8599088511793125,0.7242175975940309,0.9959118783284385,0.4658957567763511,0.02342853239025886,0.6501527499252417,0.0954242675343533,0.44136617891721874,0.00028234254334604436,0.00898341804847679,0.014585677819247675,0.5026338329947693,0.15780331919434248,0.7566195940699608,0.5074455030633693,0.8281892511009713,0.16836388659903095,0.16412659036452143,0.9179588188375846,0.02054486493557537,0.00011852381354774255,0.6108977705167916,0.1954469486052484,0.4855240280757556,0.8430543016063451,0.07185151054428433,0.8709147294650805,0.4960085950658693
0.04444042755157725,0.5040654499862508,0.2096301577235019,0.12961938670360204,0.0001866027009019931,0.6654256947717923,0.622505577605979,0.2627448228275741,0.5101665588248645,0.20424386891057103,0.6080937908176347,0.8527871860240687,0.12225527846790417,0.8357821579957567,0.647821614437992,0.056179992542142176,7.434516199224651e-05,0.17365706504464845,0.7623697922331656,0.8078003913668196,0.6872171928338321,0.015430143722115803,0.44033408643850913,0.7997750250809657,0.17337583538328577,0.16162859657271772,0.020755899711924576,0.9478541096244961,0.00026435015267303524,0.21135345359390212,0.13972591018361433,0.8536606473137542,0.8295903747811847,0.23259425692787217,0.5270440940340598,0.016825558112320654,0.034996292551561746,0.7748969567771868,0.06712018614460473,0.2246248847631267,2.8297600442722114e-05,0.9087404999216802,0.4759166998363304,0.10090146130339574,0.116534490189111,0.4932797342669066,0.46663707904173024,0.6006590554606747
0.3555271487615408,0.5346377529367697,0.255389189178677,0.06396957995301915,2.8428819102137398e-05,0.2916757011000772,0.311043369315014,0.8417204913336389,0.8225898941650511,0.6541448780974568,0.20867970067035702,0.44030779624749616,0.4698629200780884,0.36847777464250336,0.27623611121622854,0.4235550213012156,0.00011878168562027874,0.2165536743111267,0.42292332702855717,0.6301951088213555,0.8863252541293469,0.2547301991821402,0.3187202015030516,0.5697923005850538,0.22245252028508966,0.3489622717448826,0.3064688710438793,0.4572290127154134,0.0002617989756565989,0.390873390862505,0.8908638816895464,0.43407979047175427,0.5351257669280133,0.9464402352266129,0.7053001858207388,0.6776483502595719,0.4126885191108813,0.2250003910740963,0.6088834860153365,0.36354768391100684,0.000280657914344673,0.19917134952547258,0.5063001241891872,0.5439380716415096,0.8980755960675357,0.6155695606313202,0.7444889532865624,0.9558721760796939
0.4292152563428395,0.5542490306180632,0.5814415415885519,0.16242968508626537,4.898649751013882e-05,0.7135884884384572,0.1523737231755566,0.27814875992154237,0.7641542491870504,0.11450980785808917,0.4357455076408595,0.9001115255866293,0.03027134084830493,0.5033520187304198,0.086968740997616,0.13306455429486494,0.00024584212665399325,0.5796862442030811,0.5696330510673239,0.8551313955517619,0.4252568675654378,0.8403758984166686,0.49812438648960283,0.8698685909423253,0.7094958999098742,0.00200281028572291,0.4554728761887451,0.10525878568502245,0.00021046625728490717,0.2474114430719335,0.5093895432008909,0.95662485861322,0.571142932460809,0.5967778019544135,0.42650607473396296,0.0247413164049852,0.020354693911341128,0.3469973752410279,0.15356075659305685,0.14193292065355798,0.00022153275474816152,0.0760666214544559,0.2659887481989022,0.6060115775099748,0.8140874669398686,0.9223627733695449,0.5016536356962228,0.9757625471621326
0.45056050249574786,0.24154960490455998,0.509190061356578,0.16036788693405796,0.00025348017605375105,0.4790716849597139,0.9655429595168297,0.6449444571982182,0.38616760677914125,0.03948675960780608,0.9284235743626965,0.9065605545490221,0.6430900723232439,0.3557660342970218,0.0800111030731673,0.622116017671959,3.348122615548907e-05,0.36393556589496273,0.6538500493322955,0.8556261860415904,0.12696853791210502,0.9384459029448636,0.5885431252026293,0.6772814685146291,0.9275892583268992,0.06738340213014408,0.2983522456599938,0.04538413351829413,0.00010235881858398463,0.5480975810487573,0.14856515460146577,0.032371235509917905,0.23771050723256135,0.07908119358566948,0.39381554387474466,0.6240361278313648,0.4594801746932504,0.1966160310079438,0.08028931523706209,0.9181008638663468,0.0001035288145796088,0.24258598408704965,0.4422028264911403,0.5850242461752624,0.8434243723677706,0.21432623657903682,0.5998362373211393,0.0248117478291737
0.07937617457518178,0.36709804866399803,0.26749372147821554,0.6759590687987258,0.000135804911388483,0.45346291943720995,0.8515929409826631,0.24633204719333576,0.6718169378693984,0.3730458276218072,0.461208349500298,0.4320948265246698,0.14626649366772546,0.6914754646773401,0.09758374689438722,0.13803091678225163,0.00016351645402543522,0.9614407337185549,0.5494043003812527,0.18688117603065704,0.23893415631928824,0.7901338041995667,0.6919856868778993,0.6435263461730842,0.5422186970643913,0.15788244076683894,0.7394981232695531,0.16388314579972246,4.35455396029574e-05,0.9549775766610297,0.140435954670985,0.5025729553479454,0.13605755381476578,0.7247772986771808,0.8042185370723399,0.30350998366165555,0.1452652354932575,0.1936957908357775,0.6844434912259605,0.023457789736501786,0.00015495950120367864,0.2863316125232887,0.2059644029464022,0.24572210979950568,0.6175276457208183,0.3993838081346302,0.09048700328421234,0.1840443563543777
0.09773280384893392,0.7600960714039312,0.11657921684454808,0.7165351280267109,0.00016189119421049355,0.9957716465820805,0.8613504155927207,0.3343716144533678,0.8127007938330771,0.6503616721492679,0.6463129279227176,0.5934319610058785,0.14691899068366507,0.1746608449340495,0.019829742428156473,0.03963020089943588,0.00011838917697093207,0.39273731958782104,0.7103447164057148,0.8217510912799674,0.5735865063482912,0.36556193075236215,0.3085347641615507,0.6210291953068009,0.46963494394772687,0.09780084144249758,0.26225666301385303,0.6422806109368685,0.00022751697074703273,0.03729244130437966,0.33446132941964013,0.12984135726038457,0.06820193538329138,0.2899888466502461,0.342418671699651,0.9173585200588382,0.04517463127625194,0.020389691020213242,0.3257842067647517,0.26198202670032184,0.00020855146288735552,0.2585891731217616,0.43656232876384415,0.8415413268908859,0.15200314994749006,0.7890040049893159,0.22017015035468868,0.4929328273815658
0.00817823485656998,0.9676670674831007,0.4356905430885655,0.32137690576071354,0.00015098448908407993,0.38310132782947,0.8318914142490761,0.8715003069683844,0.44324329097543236,0.1507595771426796,0.5413641455829322,0.7768390499514947,0.6032955121264699,0.33073296857635426,0.0008675511216051922,0.3149845122166993,7.66370035075279e-05,0.3653902967105949,0.755462092918428,0.5033744939287873,0.7058736573907367,0.7311968539301393,0.23420701750718942,0.6948737503362002,0.15350984256444028,0.6193806159060921,0.4018395796756426,0.17159527468596875,0.0002774393004552697,0.3533746265816733,0.6192800769843975,0.21533756194377984,0.28217462816405575,0.6175259069145127,0.622124177008113,0.7565296753162972,0.4623781967047653,0.12410315898380629,0.3193060744993699,0.6739472601039308,9.198153728906984e-05,0.45109813806044385,0.10080909552869811,0.5837590912456522,0.723534539088264,0.32145437231939444,0.3534123124161773,0.7634543299337072
0.1927200915863411,0.08117514298671782,0.2447211914870234,0.06015563974225018,0.00021704207388197562,0.8077153491596586,0.9748610473023398,0.3321155617479876,0.5734939966971664,0.123447090559457,0.9972475972096418,0.21502040593186555,0.42880766432139594,0.49062604861547093,0.17105284771702506,0.22261527939582282,0.00011566622985459993,0.32464886794345327,0.953781748855342,0.4804215099304104,0.30446867315456766,0.36848162075925533,0.14550640213157526,0.30802828829927054,0.12034177805631217,0.37516778300750037,0.09888669572698174,0.6254164872805683,0.00010692793161052042,0.1768215520858218,0.4119377175772984,0.027278872678626692,0.6644225947961597,0.5866419248043244,0.7487136224269256,0.6923438374681674,0.741369336224529,0.0436529301570034,0.6944446335605037,0.23372182624775228,3.4803335037178785e-05,0.2539761562590314,0.3507181577549777,0.7398384632475987,0.11324417498871209,0.2662862697655454,0.17247000567378318,0.5039884008939745
0.37215116977366863,0.3534211672233969,0.15317404089669034,0.8186053641792133,0.00025674077497751617,0.823825812648888,0.7670020305274529,0.36115968963699424,0.9739002236635741,0.816913085953858,0.22257300603242214,0.9565779602972008,0.47073935265086286,0.13421849169165942,0.805323817843468,0.1862909011148948,0.00019949816426345645,0.34587466449856386,0.03086565427236562,0.834467642440531,0.5937816080155359,0.5859490978389977,0.5277509659299804,0.39350952782732623,0.5103874704299767,0.42980871250456276,0.13716116391445973,0.6277585644073265,8.634421298612884e-06,0.2525516798390543,0.5345576953124628,0.04681483994644182,0.2398831151719026,0.10279211460944972,0.5136887574825031,0.701380292456386,0.025267175594421685,0.7169261548066856,0.2608778913213727,0.31554813814064475,0.00012294318156977663,0.7068147760086868,0.12783161601502444,0.39806659370769143,0.8461194111825036,0.8531878448693788,0.8659628317770209,0.09950527452865733
0.4657546265435669,0.21340172122175805,0.24847406834060334,0.3086774746054721,0.00018494464107105695,0.4961201675049403,0.12986042364443315,0.27909574277242916,0.7243177618932984,0.12272916256851417,0.73655312033024,0.022442166752973593,0.5245696994691066,0.2470417900402839,0.2224795217374237,0.593763812738729,0.00019677116814314322,0.8284780939187977,0.3179398756717091,0.20312827211821718,0.4524068284031909,0.8961083777976453,0.9506518108571004,0.458658334981941,0.31699828394697027,0.15073044142357758,0.7129887083714387,0.16765020485529974,0.00013049464057410663,0.20562066954691197,0.887453741790917,0.7432134485080323,0.03106404892966882,0.8969275746684678,0.8847272746649291,0.4310153479873512,0.06865847801486495,0.7654086174774615,0.019055351247814527,0.1845109511898371,0.00015255087942085712,0.9121911829380699,0.4412496640881831,0.4364984298860205,0.8110397900658318,0.6810716313902034,0.09005984380641688,0.02139735160437182
0.20917780866819846,0.3699741738791545,0.1856877397515541,0.542076394089806,0.00018687345432261715,0.06031306650771389,0.9878711547796845,0.18400718806487618,0.7718887005335378,0.5989752915120925,0.023104170930624644,0.6741177168359204,0.5358220943170758,0.1794409160097838,0.5803352000103431,0.2196640329781856,0.0002864404752485087,0.1209210829236461,0.5662326470431649,0.4478906492422775,0.4009128708669593,0.20381518911728727,0.8223945687177098,0.6387401843798782,0.2286615136819118,0.009659027210975325,0.3364699003063515,0.5243161849261988,0.00014016412454754222,0.7725720565406354,0.6999768701303876,0.8810227370529861,0.14992608621963163,0.12060731530864542,0.12781919272077732,0.27123713493109575,0.49033036754944376,0.2970343729663932,0.060646175724914646,0.3223852691398379,0.00014960352832626972,0.01754887589633612,0.41920146138720216,0.717952605328279,0.4962736679193512,0.9564671156892559,0.10825116880936869,0.822978919593526
0.46245890837257275,0.12289045032570177,0.36581253893553906,0.1098244168819833,0.0001154753865860416,0.7902745144871504,0.9898959478774348,0.6667883142959736,0.4989417748557627,0.5782670542716073,0.9591470715767865,0.18719094009729223,0.3658985189422181,0.5764550187253008,0.3880556042487247,0.4337644602578997,0.00027142877757673194,0.19830602120657928,0.9741329908184263,0.2050182393368383,0.15287895773483723,0.36676121820036206,0.39845403205792446,0.8506108467271518,0.17733378003894457,0.37679329154458524,0.5669706720660586,0.29567370587758873,6.741944864713604e-05,0.15378043220806198,0.21783112774148194,0.24333582134547868,0.29674399389721723,0.11759347449704616,0.6737084470558558,0.053676837181153514,0.25764537626550293,0.1057933936704939,0.15879573617686366,0.13627391865093927,0.00019363731551995123,0.022842121430224436,0.3842958859716044,0.661347121645026,0.7309865170221143,0.9304745550086977,0.08213330315602943,0.6836041384011703
0.2352884643900922,0.4037808374078667,0.2857683149242897,0.02378849882986209,9.050438427878107e-06,0.06266157971338886,0.21873835395266095,0.49964512531145094,0.6245013760896304,0.13242112631911393,0.6372732113304795,0.14648316013703908,0.15292276846632508,0.19254435077871615,0.45282171384053926,0.27068354779515097,5.5399904619955736e-05,0.9593264858654185,0.1332563733841222,0.14083385179633942,0.9598004975954907,0.6419873161200815,0.04058800257496649,0.5010730488266909,0.028001392866388225,0.2792243871168946,0.07082621186421416,0.2619124088576698,1.787858754942893e-05,0.8161235012378553,0.880650323611373,0.6485234022738008,0.28782964555089113,0.8010344333082939,0.45851284177503515,0.8263865292095414,0.04165245871580832,0.0656203253722452,0.3240263477905583,0.5574341035852471,1.018945503854001e-05,0.7553692752712392,0.9086405705587925,0.35603186927812225,0.6028627093618674,0.6095528665032811,0.6183738719122658,0.3696541006329385
0.016528211979964662,0.5775403494383721,0.3949470843731289,0.21411322886884632,0.0002888659497397718,0.8675589514119064,0.6695331998128887,0.7985750570697953,0.3343259286966651,0.7862871119639245,0.4884847505101841,0.29361234651459395,0.36810758099313606,0.4712175674094594,0.3960264764199087,0.3728855936277942,5.2427704216372985e-06,0.8281767860314168,0.360817361394554,0.9991698225037297,0.12596047483884396,0.8154119378110661,0.22936893449581108,0.8401692113064505,0.008032049209731098,0.1460278704376294,0.5757133104489209,0.17643676056982,7.599981451915907e-05,0.4844959503068314,0.5378438237674816,0.3843623834720717,0.7899132834972181,0.686745037290414,0.3331396242622565,0.42354225408450863,0.26629246077794705,0.5735196938125819,0.08977484997105614,0.6690754501358555,8.202810234873845e-05,0.6329493736064247,0.1749025865042158,0.07674696694041486,0.2773276236543096,0.09392387349138588,0.31936547352742084,0.24457888012831572
0.5045807223191994,0.3970832581691221,0.21376230507703942,0.17493648434059977,0.00021492310872523604,0.9246705717408024,0.010938152357896514,0.6191187577695504,0.04306939130917649,0.14712059897875893,0.11103978556344518,0.26363892259783045,0.5331859019367027,0.13182299258417549,0.771253021842562,0.003128136602943641,0.00016473105956233636,0.44819939720121604,0.26068264845548966,0.24591508293374972,0.1731628281026864,0.22163054148157835,0.14948188903013068,0.486484382465818,0.2509112841684043,0.030475693634880088,0.2603506077153141,0.24871900102292097,6.443045674743418e-05,0.20274636106506586,0.5916463010920685,0.9130806038711229,0.7684743237098944,0.37638665164150026,0.0148408295516773,0.6154251591769657,0.006194921090355571,0.8567274426625372,0.5193315566879629,0.14862641725283396,0.00014250106753871546,0.374159308979831,0.08328898179521296,0.9390666181521579,0.5664384245123951,0.4414998395939317,0.4185840020188396,0.2075008848269573
0.00045554939580816394,0.32873627281834206,0.14874450017579519,0.0014683184860693193,2.355162865121702e-05,0.07591049196740234,0.0854999640670108,0.7214444562043248,0.443259923511094,0.33350782349868435,0.28294687638326016,0.6806959630214181,0.643092308677401,0.23669364876231655,0.4488089294780828,0.4273429267110247,4.287995230703309e-05,0.6190804649167179,0.32608446331407204,0.9595942086117828,0.20021167309950197,0.5958453123245421,0.7380597406038842,0.8785562011755675,0.10160194637547505,0.6511369861157602,0.5037267079990881,0.367084009208054,1.0970191799948233e-05,0.38646814775610877,0.9828253454925037,0.587778054971056,0.3009671000895174,0.6179812620864206,0.10774422167937636,0.17429064021970858,0.008275189521221407,0.1230541558810666,0.24564204105914997,0.3099011642932067,7.757504181567722e-06,0.013886235174149317,0.4670127210652891,0.2791109349434961,0.5293081259167809,0.08887505210896487,0.6746813190796899,0.12188684245328206
0.5169123750959088,0.07142104658923303,0.5519451038590845,0.40892265573551007,0.00019605934089705242,0.5583921969642199,0.4596826936192757,0.6357038559896335,0.7675922554141867,0.8715838820422057,0.11536415439574255,0.2810639271312702,0.056513478474107315,0.8777816914367947,0.0951460317956654,0.3547265224999524,6.449652921935363e-05,0.37614596613306744,0.043868602259535774,0.7828506226936814,0.1213149621295505,0.8883480843669571,0.683064615647203,0.05811896583451931,0.06641399111917771,0.005304717816437039,0.06967162504660278,0.11227820401972421,3.150930641619698e-05,0.7723785816049801,0.5444255049572905,0.7520433707690826,0.7848055803071635,0.9958330889234625,0.22759795192944687,0.7706643004659078,0.44967132828172063,0.23739139071171042,0.36908531589493226,0.1851380072393032,9.859687092753854e-06,0.6762160326007639,0.2834647049222488,0.7401701136047052,0.47499565986499764,0.6461411012102934,0.8286353470391271,0.3270011228774745
0.22557856126644538,0.48377720180611156,0.051484529735611746,0.3328377632371248,5.977801089299969e-05,0.940712911392258,0.49713893074875154,0.8556800124899986,0.09617518270709326,0.23104881789546672,0.6620393398381307,0.25787715347449375,0.31897075203709435,0.030627778250824824,0.046458672501002614,0.6690139060726804,0.0002840982874457403,0.7790689678289697,0.7868484706836416,0.2851467955798214,0.7330876434838586,0.6269840488692301,0.27653546594308115,0.4337768170694697,0.5468691112906006,0.2573831714398718,0.5810305442927048,0.04244672957416014,6.446747741938403e-05,0.9959584996830396,0.06634025933311831,0.8328502259248513,0.8404551919607121,0.8943163375216071,0.09829286181800313,0.5319535044995518,0.2808619239674676,0.342787076170168,0.23150822666841053,0.3392414803512699,9.523308630272593e-05,0.8375329843588588,0.6756788424642785,0.6713886507033006,0.4477109713456735,0.12796979977886255,0.9228347146319236,0.3415183142641305
0.10526229563314204,0.47412145298328395,0.767515521311309,0.11445060069067892,1.4063456705798624e-05,0.3735200090389785,0.3841297455050047,0.8239438217758599,0.6667694089896176,0.3247555118297706,0.6906221109400859,0.9314735545395968,0.433318784501441,0.31642823127611,0.08266213142404957,0.4760257159578553,0.0001432589786456792,0.46845271904375696,0.3140318251898061,0.5023040555422271,0.6378770328279791,0.8358424706867195,0.5571536670499486,0.28574755356288445,0.4323761893239886,0.3000004222470732,0.6760485123253659,0.23862003594779488,0.00018665476274260876,0.4969090803124819,0.5203524212800308,0.4870883335204195,0.1795506342706608,0.345686314645243,0.6737497705846259,0.6523333500357754,0.12789959073963406,0.49286784475079787,0.10002278266632926,0.6072172957360162,0.00012671219830186187,0.9194673174146003,0.9730333939343415,0.725605563311926,0.08506149299436042,0.5173604939756787,0.6760960449663295,0.31443519977299994
0.08416580454032199,0.5627988777954631,0.8111440103290952,0.08595058807277015,0.00027973906462445806,0.739236442605565,0.17719069760509903,0.5413453395439142,0.3306260173640819,0.6444116707049549,0.15585189276910533,0.41291101476328035,0.3497256009520521,0.1377221036439825,0.43147521994394766,0.18778857446365607,4.3354481440030114e-05,0.7876415239055551,0.2222932028279706,0.028393198832204786,0.5958266185841017,0.8681709476291313,0.3894001326967223,0.7164428502773036,0.12923426906665234,0.8099365020773696,0.5566427122408845,0.2220950062967011,0.0002804225576621614,0.30982546517950227,0.7949257731114873,0.8932306087951195,0.5764989371479288,0.7403510155268184,0.7627687327353243,0.6540848324181406,0.04755593392600949,0.09145013301651829,0.1698377054358839,0.008072561160360805,7.824837675170405e-05,0.5694429206441419,0.20428466343596866,0.8172466830971005,0.7244698981716401,0.6927116449595856,0.8125124471408365,0.5250977456785954
0.2856084742985621,0.024147584082740956,0.06255425813559072,0.8139364823584562,1.5168587326348352e-05,0.5254086605219259,0.9845181503978284,0.8707158672823746,0.038563538246465814,0.3037647594466009,0.7395661336849347,0.7866322840527532,0.10578905858617016,0.5944781352873555,0.23900970243942285,0.17010778008312638,0.00012879745035472272,0.19214358710958604,0.11992142611436972,0.4833385540691035,0.7210453640578248,0.1160912007681364,0.6481649759620359,0.3502684121991927,0.011438918866704327,0.07226710645898586,0.5011584340823587,0.09378017209118307,0.00013717916871945344,0.936025094725591,0.30795473076952673,0.3204052246485004,0.02116981476844402,0.6732153923355119,0.20352570088723035,0.3289093427206853,0.6891804597686818,0.11383305572210556,0.5169435432261744,0.24596090227873388,0.00020355989613808398,0.6629883003489955,0.8386995443984818,0.5424025257413045,0.6022519383740673,0.4735952611486142,0.49297535548999666,0.17315078537668488
0.20538921662514378,0.49390725140476305,0.027738436507697334,0.028313870552086645,0.00021819089374970488,0.8229075754073363,0.5721523013517607,0.8796617600218621,0.5451214639566236,0.40244120569795955,0.6458656313589602,0.2033754655246606,0.038353838716320324,0.039081528142244706,0.45812099956350805,0.16605671088349255,4.31210042389881e-05,0.8398977658672512,0.912572694940447,0.4393509334033968,0.6543625462458047,0.9314662576033781,0.04395686031139852,0.5720172926047418,0.048634057765906076,0.6885155851321755,0.28959926405814257,0.5360679308202739,0.00015818816665498408,0.791837668281954,0.2913162433835678,0.31966867220350625,0.01677624860624403,0.42025924316453633,0.8764904044618734,0.8274183849476787,0.7342641363418186,0.048293349437681106,0.16048365363997658,0.7322416092827148,0.00014086315120172903,0.4247049417761751,0.3197061373082689,0.8894199085568671,0.7559829688764496,0.23234578083281732,0.6357131444008067,0.40986771227824276
0.35533766754212426,0.46930353042710715,0.08648865862852298,0.4191210684151384,0.00010933034748638216,0.7944397323455714,0.8379131386172805,0.607195490669985,0.8135036539519024,0.6475978919879394,0.25709944501784404,0.14662237817888155,0.6645499131955434,0.2923354643307157,0.004213620760063038,0.6854628495246871,3.8351021386315596e-05,0.9490839074117934,0.9165606795358368,0.8482700621899101,0.2952207641112619,0.2206964571801352,0.013380781708018583,0.6146986395188103,0.3153844122119569,0.14199792363386352,0.1406757676898248,0.7140201922480142,0.0002477386246970642,0.20424422015502333,0.19172193642522797,0.34088349827883324,0.15303401151597623,0.9081326941058895,0.5234318743019973,0.37355567573514475,0.4645782944573096,0.4717947008573369,0.1826935760145522,0.7825326288004176,0.00017622052339166659,0.16546134438124865,0.5697316126970782,0.564609356366095,0.7305908936182542,0.05967710561648492,0.3773677347841013,0.5929409084372489
0.02184588230725868,0.7317741922531331,0.745144360063775,0.017546581772426722,0.00023159098343279085,0.2464706786397822,0.6934813004961949,0.7512242616962989,0.2754133032946035,0.060737895170130334,0.7171336046288174,0.8358594276738032,0.10748862992491692,0.19835031750369972,0.05244181560738631,0.6519635004124614,0.00021372125040747416,0.06504415867313122,0.36130096843248755,0.23046462191881156,0.40747004041173246,0.32858394612777597,0.6094877108166835,0.9331696921588402,0.43595787971606803,0.04614146376743428,0.053416445455971184,0.039593045866456136,0.00022084378218027189,0.12064036879551863,0.24506319433320897,0.14377473217257405,0.22321630250626856,0.016195883217565692,0.21010502061729663,0.8440118042418152,0.4877046903210562,0.48878128717067176,0.6617362529498342,0.13464182683847745,5.81665219742233e-05,0.44010780479056566,0.6049395054586972,0.9591462988818841,0.7574558108779855,0.09824266995270504,0.5993605142274947,0.6679257359756032
0.31454956016504854,0.12121775481994011,0.09452687650666082,0.26389476431907405,0.00011747080628023318,0.7914457281108522,0.7868225014715747,0.6131480472912978,0.3582793715218848,0.10197183268585942,0.6674530670580118,0.9976201368178019,0.3008512562067403,0.6682409366688533,0.29585219905324683,0.13460666946417985,1.1916690105818854e-05,0.17483251349593526,0.18824747702739034,0.8256009337636717,0.6195877646550084,0.4003465186307132,0.19887866382536903,0.6879818907596575,0.07330108157223196,0.7602282849629343,0.06492377985818025,0.9098842287762726,0.00024964041126124357,0.6923890568683784,0.32027425290547085,0.6025646162133799,0.7918408803268059,0.8084814038738719,0.14961702128048268,0.9572305160187862,0.6466643082589437,0.017243860173442465,0.3176800509595059,0.46865459795715403,0.00012372148291953512,0.5708192574653543,0.6636721559243458,0.18348953160484963,0.048815726469922334,0.8944449290769735,0.9921289171199054,0.6565938591375047
0.48057863849251864,0.02134889099847468,0.25077191342603583,0.26418589631210637,0.00011041458988467009,0.062239954501325294,0.7843027144107704,0.8746108717471264,0.9317486514921535,0.6686152974592611,0.8829869912415477,0.011957850509279876,0.5182242505392773,0.10868300046167956,0.6921678517270383,0.24387589781896066,0.00010315228533701997,0.8439639492753856,0.7120515880983765,0.30768745691488997,0.29834462297793324,0.8188534328056021,0.11627489115357958,0.8220101378886565,0.4679369471127759,0.5233015287597103,0.7051266904838762,0.05898451560715995,0.0002708002300082864,0.992007572161914,0.6463172183212093,0.057599821241129556,0.39207237589199134,0.6239273704501388,0.5456717705703984,0.2988984730247816,0.49646351399508887,0.031472804333586755,0.5272040614471158,0.04184635947964972,0.00027314987592774807,0.11108795511413738,0.44788148879102885,0.040091698322969285,0.8058865293861932,0.15227481259868544,0.3250510188142135,0.12148271665641451
