0.701121,0.000165129,0,0,0,0,0.29862,9.39817e-05,0,0,0,6.95136e-310,
0.700939,0.000181957,1.94732e-05,0.00014565,0,0.00014565,0.298583,6.5143e-05,5.08959e-05,1.53068e-05,0,1.53068e-05,
0.700738,0.000200448,0.000107332,0.0002397,4.19343e-08,0.000160493,0.298557,4.51503e-05,8.90382e-05,1.21412e-05,1.09114e-05,1.06098e-05,
0.700518,0.000220754,0.000240248,0.000307156,1.10947e-07,0.000176802,0.298539,3.12919e-05,0.000115761,8.56828e-06,1.95662e-05,7.35363e-06,
0.700275,0.000243041,0.000406311,0.00036175,1.9938e-07,0.000194713,0.298526,2.16865e-05,0.000134311,5.95372e-06,2.56741e-05,5.09651e-06,
0.700007,0.000267485,0.000599892,0.000411098,3.03532e-07,0.000214371,0.298518,1.50292e-05,0.000147169,4.12771e-06,2.99182e-05,3.53207e-06,
0.699713,0.000294276,0.000818852,0.000459495,4.21892e-07,0.000235932,0.298512,1.04154e-05,0.00015608,2.86075e-06,3.28606e-05,2.4478e-06,
0.699389,0.000323613,0.00106304,0.000509444,5.54185e-07,0.000259562,0.298508,7.21785e-06,0.000162256,1.98255e-06,3.48999e-05,1.69635e-06,
0.699034,0.000355711,0.00133345,0.000562484,7.0086e-07,0.000285439,0.298505,5.00194e-06,0.000166536,1.37391e-06,3.63131e-05,1.17557e-06,
0.698643,0.000390793,0.00163183,0.000619639,8.62805e-07,0.00031375,0.298503,3.4663e-06,0.000169502,9.52118e-07,3.72925e-05,8.14665e-07,
0.698214,0.000429095,0.00196041,0.000681665,1.04121e-06,0.000344694,0.298502,2.40211e-06,0.000171557,6.59811e-07,3.79712e-05,5.64556e-07,
0.697743,0.000470862,0.00232177,0.000749181,1.23746e-06,0.000378478,0.298501,1.66463e-06,0.000172981,4.57242e-07,3.84416e-05,3.91232e-07,
0.697227,0.000516347,0.00271885,0.000822737,1.45316e-06,0.000415318,0.2985,1.15357e-06,0.000173968,3.16863e-07,3.87675e-05,2.71119e-07,
0.696661,0.000565806,0.00315482,0.000902857,1.69004e-06,0.000455437,0.298499,7.99405e-07,0.000174652,2.19582e-07,3.89934e-05,1.87881e-07,
0.696041,0.000619499,0.00363315,0.000990052,1.94998e-06,0.000499061,0.298499,5.53976e-07,0.000175126,1.52167e-07,3.91499e-05,1.30199e-07,
0.695364,0.000677684,0.00415756,0.00108483,2.23503e-06,0.000546421,0.298499,3.83896e-07,0.000175455,1.05449e-07,3.92584e-05,9.02259e-08,
0.694623,0.000740613,0.00473205,0.00118769,2.54736e-06,0.000597743,0.298499,2.66034e-07,0.000175683,7.30748e-08,3.93336e-05,6.25251e-08,
0.693815,0.000808523,0.00536085,0.00129914,2.88931e-06,0.000653248,0.298499,1.84357e-07,0.00017584,5.06397e-08,3.93856e-05,4.33289e-08,
0.692933,0.000881633,0.00604846,0.00141964,3.26335e-06,0.000713147,0.298499,1.27757e-07,0.00017595,3.50925e-08,3.94217e-05,3.00262e-08,
0.691973,0.000960132,0.00679964,0.00154966,3.67208e-06,0.000777633,0.298499,8.85332e-08,0.000176025,2.43185e-08,3.94468e-05,2.08077e-08,
0.690929,0.00104417,0.00761934,0.00168961,4.11824e-06,0.000846872,0.298498,6.1352e-08,0.000176078,1.68523e-08,3.94641e-05,1.44194e-08,
0.689934,0.000995147,0.00851276,0.00183984,4.6047e-06,0.000920999,0.298498,4.46528e-08,0.000176114,1.16784e-08,3.94761e-05,9.9924e-09,
0.688987,0.000947058,0.00946888,0.0018783,5.13441e-06,0.000877757,0.298498,3.2499e-08,0.000176141,8.44096e-09,3.94844e-05,7.2726e-09,
0.688087,0.000900056,0.0104369,0.00185679,5.67519e-06,0.000835341,0.298498,2.36532e-08,0.00017616,6.13757e-09,3.94904e-05,5.2931e-09,
0.687232,0.000854269,0.0113895,0.00180364,6.20978e-06,0.000793883,0.298498,1.72151e-08,0.000176174,4.46642e-09,3.94948e-05,3.85239e-09,
0.686422,0.000809805,0.0123125,0.00173435,6.72907e-06,0.000753497,0.298498,1.25294e-08,0.000176184,3.25067e-09,3.9498e-05,2.80382e-09,
0.685656,0.000766751,0.0131987,0.00165745,7.22841e-06,0.000714278,0.298498,9.11907e-09,0.000176191,2.36587e-09,3.95003e-05,2.04066e-09,
0.684931,0.000725174,0.0140447,0.00157766,7.70561e-06,0.000676302,0.298498,6.63698e-09,0.000176197,1.72191e-09,3.9502e-05,1.48522e-09,
0.684246,0.000685127,0.0148495,0.00149759,8.15983e-06,0.000639631,0.298498,4.83049e-09,0.000176201,1.25323e-09,3.95032e-05,1.08096e-09,
0.683599,0.000646644,0.015613,0.00141873,8.591e-06,0.000604308,0.298498,3.5157e-09,0.000176203,9.1212e-10,3.95041e-05,7.86741e-10,
0.682989,0.000609746,0.0163361,0.00134189,8.99947e-06,0.000570364,0.298498,2.55877e-09,0.000176205,6.63854e-10,3.95048e-05,5.72601e-10,
0.682415,0.000574441,0.0170197,0.00126757,9.38581e-06,0.000537819,0.298498,1.86231e-09,0.000176207,4.83162e-10,3.95053e-05,4.16747e-10,
0.681874,0.000540724,0.0176654,0.001196,9.75076e-06,0.000506678,0.298498,1.35541e-09,0.000176208,3.51652e-10,3.95056e-05,3.03314e-10,
0.681365,0.000508584,0.0182744,0.00112735,1.00951e-05,0.000476939,0.298498,9.86489e-10,0.000176209,2.55937e-10,3.95059e-05,2.20756e-10,
0.680888,0.000477997,0.0188483,0.00106166,1.04197e-05,0.00044859,0.298498,7.1798e-10,0.000176209,1.86274e-10,3.9506e-05,1.60669e-10,
0.680439,0.000448934,0.0193887,0.000998963,1.07253e-05,0.000421611,0.298498,5.22556e-10,0.00017621,1.35573e-10,3.95062e-05,1.16937e-10,
0.680017,0.00042136,0.019897,0.000939231,1.1013e-05,0.000395976,0.298498,3.80323e-10,0.00017621,9.8672e-11,3.95063e-05,8.51086e-11,
0.679622,0.000395235,0.0203749,0.000882427,1.12834e-05,0.000371655,0.298498,2.76805e-10,0.00017621,7.18148e-11,3.95063e-05,6.19432e-11,
0.679252,0.000370515,0.0208238,0.000828493,1.15374e-05,0.000348612,0.298498,2.01462e-10,0.000176211,5.22678e-11,3.95064e-05,4.50831e-11,
0.678904,0.000347151,0.0212452,0.000777358,1.1776e-05,0.000326808,0.298498,1.46627e-10,0.000176211,3.80412e-11,3.95064e-05,3.28121e-11,
0.678579,0.000325095,0.0216406,0.000728942,1.19998e-05,0.0003062,0.298498,1.06717e-10,0.000176211,2.76869e-11,3.95064e-05,2.38811e-11,
0.678275,0.000304294,0.0220112,0.000683158,1.22096e-05,0.000286745,0.298498,7.76702e-11,0.000176211,2.01509e-11,3.95065e-05,1.7381e-11,
0.67799,0.000284696,0.0223585,0.000639912,1.24063e-05,0.000268398,0.298498,5.65294e-11,0.000176211,1.46661e-11,3.95065e-05,1.26501e-11,
0.677724,0.000266248,0.0226838,0.000599108,1.25906e-05,0.000251112,0.298498,4.11429e-11,0.000176211,1.06742e-11,3.95065e-05,9.20694e-12,
0.677475,0.000248898,0.0229884,0.000560647,1.27631e-05,0.000234841,0.298498,2.99444e-11,0.000176211,7.76883e-12,3.95065e-05,6.70094e-12,
0.677243,0.000232594,0.0232733,0.000524428,1.29245e-05,0.000219538,0.298498,2.17939e-11,0.000176211,5.65426e-12,3.95065e-05,4.87703e-12,
0.677025,0.000217282,0.0235398,0.00049035,1.30755e-05,0.000205156,0.298498,1.58619e-11,0.000176211,4.11525e-12,3.95065e-05,3.54957e-12,
0.676822,0.000202914,0.023789,0.000458313,1.32166e-05,0.000191651,0.298498,1.15445e-11,0.000176211,2.99514e-12,3.95065e-05,2.58343e-12,
0.676633,0.000189439,0.0240219,0.000428217,1.33486e-05,0.000178978,0.298498,8.40226e-12,0.000176211,2.1799e-12,3.95065e-05,1.88025e-12,
0.676456,0.000176809,0.0242394,0.000399964,1.34719e-05,0.000167092,0.298498,6.11528e-12,0.000176211,1.58656e-12,3.95065e-05,1.36847e-12,
0.676291,0.000164978,0.0244426,0.00037346,1.3587e-05,0.000155952,0.298498,4.45078e-12,0.000176211,1.15472e-12,3.95065e-05,9.95995e-13,
0.676137,0.000153902,0.0246323,0.000348612,1.36946e-05,0.000145517,0.298498,3.23934e-12,0.000176211,8.40422e-13,3.95065e-05,7.24899e-13,
0.675994,0.000143536,0.0248094,0.000325329,1.37949e-05,0.000135747,0.298498,2.35764e-12,0.000176211,6.11671e-13,3.95065e-05,5.27591e-13,
0.67586,0.00013384,0.0249747,0.000303524,1.38886e-05,0.000126604,0.298498,1.71592e-12,0.000176211,4.45182e-13,3.95065e-05,3.83988e-13,
0.675735,0.000124774,0.0251288,0.000283114,1.3976e-05,0.000118052,0.298498,1.24887e-12,0.000176211,3.2401e-13,3.95065e-05,2.79472e-13,
0.675619,0.000116301,0.0252726,0.000264018,1.40575e-05,0.000110055,0.298498,9.08945e-13,0.000176211,2.35819e-13,3.95065e-05,2.03403e-13,
0.675511,0.000108385,0.0254067,0.00024616,1.41335e-05,0.000102582,0.298498,6.61543e-13,0.000176211,1.71632e-13,3.95065e-05,1.4804e-13,
0.67541,0.000100991,0.0255317,0.000229466,1.42044e-05,9.55993e-05,0.298498,4.8148e-13,0.000176211,1.24916e-13,3.95065e-05,1.07745e-13,
0.675315,9.40876e-05,0.0256482,0.000213866,1.42704e-05,8.90778e-05,0.298498,3.50428e-13,0.000176211,9.09158e-14,3.95065e-05,7.84186e-14,
0.675228,8.76438e-05,0.0257568,0.000199293,1.4332e-05,8.29887e-05,0.298498,2.55046e-13,0.000176211,6.61697e-14,3.95065e-05,5.70741e-14,
0.675146,8.16308e-05,0.025858,0.000185684,1.43894e-05,7.73051e-05,0.298498,1.85626e-13,0.000176211,4.81592e-14,3.95065e-05,4.15393e-14,
0.67507,7.60211e-05,0.0259523,0.00017298,1.44429e-05,7.20014e-05,0.298498,1.35101e-13,0.000176211,3.5051e-14,3.95065e-05,3.02329e-14,
0.674999,7.0789e-05,0.0260401,0.000161123,1.44927e-05,6.70535e-05,0.298498,9.83285e-14,0.000176211,2.55106e-14,3.95065e-05,2.20039e-14,
0.674933,6.591e-05,0.0261219,0.00015006,1.45391e-05,6.24385e-05,0.298498,7.15648e-14,0.000176211,1.85669e-14,3.95065e-05,1.60148e-14,
0.674872,6.13614e-05,0.0261981,0.000139741,1.45823e-05,5.81351e-05,0.298498,5.20859e-14,0.000176211,1.35133e-14,3.95065e-05,1.16558e-14,
0.674815,5.71214e-05,0.026269,0.000130117,1.46225e-05,5.4123e-05,0.298498,3.79088e-14,0.000176211,9.83515e-15,3.95065e-05,8.48322e-15,
0.674762,5.31699e-05,0.0263351,0.000121143,1.466e-05,5.03832e-05,0.298498,2.75906e-14,0.000176211,7.15816e-15,3.95065e-05,6.1742e-15,
0.674712,4.94879e-05,0.0263966,0.000112778,1.46948e-05,4.68979e-05,0.298498,2.00808e-14,0.000176211,5.2098e-15,3.95065e-05,4.49367e-15,
0.674666,4.60575e-05,0.0264538,0.000104981,1.47273e-05,4.36502e-05,0.298498,1.46151e-14,0.000176211,3.79177e-15,3.95065e-05,3.27055e-15,
0.674623,4.28619e-05,0.0265071,9.7715e-05,1.47575e-05,4.06244e-05,0.298498,1.0637e-14,0.000176211,2.7597e-15,3.95065e-05,2.38035e-15,
0.674584,3.98856e-05,0.0265567,9.09451e-05,1.47857e-05,3.78058e-05,0.298498,7.74179e-15,0.000176211,2.00855e-15,3.95065e-05,1.73245e-15,
0.674546,3.71137e-05,0.0266029,8.46382e-05,1.48118e-05,3.51805e-05,0.298498,5.63458e-15,0.000176211,1.46185e-15,3.95065e-05,1.2609e-15,
0.674512,3.45325e-05,0.0266459,7.87635e-05,1.48362e-05,3.27356e-05,0.298498,4.10093e-15,0.000176211,1.06395e-15,3.95065e-05,9.17704e-16,
0.67448,3.21292e-05,0.0266858,7.3292e-05,1.48589e-05,3.0459e-05,0.298498,2.98471e-15,0.000176211,7.7436e-16,3.95065e-05,6.67917e-16,
0.67445,2.98918e-05,0.026723,6.81967e-05,1.488e-05,2.83392e-05,0.298498,2.17231e-15,0.000176211,5.6359e-16,3.95065e-05,4.86119e-16,
0.674422,2.78089e-05,0.0267577,6.34523e-05,1.48996e-05,2.63657e-05,0.298498,1.58104e-15,0.000176211,4.10188e-16,3.95065e-05,3.53804e-16,
0.674396,2.58701e-05,0.0267899,5.90351e-05,1.49179e-05,2.45285e-05,0.298498,1.1507e-15,0.000176211,2.98541e-16,3.95065e-05,2.57504e-16,
0.674372,2.40655e-05,0.0268198,5.49228e-05,1.49349e-05,2.28184e-05,0.298498,8.37497e-16,0.000176211,2.17282e-16,3.95065e-05,1.87415e-16,
0.674355,1.73926e-05,0.0268477,5.10947e-05,1.49507e-05,2.12267e-05,0.298498,7.03584e-16,0.000176211,1.58141e-16,3.95065e-05,1.36403e-16,
0.674342,1.25696e-05,0.026873,4.31272e-05,1.49654e-05,1.53409e-05,0.298498,5.91083e-16,0.000176211,1.30414e-16,3.95065e-05,1.14593e-16,
0.674333,9.08384e-06,0.0268942,3.45402e-05,1.49778e-05,1.10868e-05,0.298498,4.96571e-16,0.000176211,1.09317e-16,3.95065e-05,9.62696e-17,
0.674327,6.56466e-06,0.026911,2.67959e-05,1.49878e-05,8.01228e-06,0.298498,4.17171e-16,0.000176211,9.18129e-17,3.95065e-05,8.08764e-17,
0.674322,4.74407e-06,0.026924,2.03624e-05,1.49955e-05,5.79027e-06,0.298498,3.50466e-16,0.000176211,7.71299e-17,3.95065e-05,6.79445e-17,
0.674318,3.42836e-06,0.0269338,1.52579e-05,1.50013e-05,4.18444e-06,0.298498,2.94428e-16,0.000176211,6.47968e-17,3.95065e-05,5.70804e-17,
0.674316,2.47754e-06,0.0269412,1.13215e-05,1.50057e-05,3.02394e-06,0.298498,2.4735e-16,0.000176211,5.4436e-17,3.95065e-05,4.79534e-17,
0.674314,1.79041e-06,0.0269467,8.34211e-06,1.5009e-05,2.18528e-06,0.298498,2.07799e-16,0.000176211,4.57319e-17,3.95065e-05,4.02858e-17,
0.674313,1.29385e-06,0.0269507,6.1158e-06,1.50114e-05,1.57921e-06,0.298498,1.74573e-16,0.000176211,3.84195e-17,3.95065e-05,3.38443e-17,
0.674312,9.35001e-07,0.0269536,4.46711e-06,1.50132e-05,1.14122e-06,0.298498,1.46659e-16,0.000176211,3.22763e-17,3.95065e-05,2.84327e-17,
0.674311,6.75681e-07,0.0269558,3.254e-06,1.50145e-05,8.24706e-07,0.298498,1.23209e-16,0.000176211,2.71154e-17,3.95065e-05,2.38864e-17,
0.674311,4.88281e-07,0.0269573,2.36556e-06,1.50154e-05,5.95975e-07,0.298498,1.03508e-16,0.000176211,2.27798e-17,3.95065e-05,2.0067e-17,
0.67431,3.52857e-07,0.0269585,1.71712e-06,1.50161e-05,4.30682e-07,0.298498,8.69576e-17,0.000176211,1.91374e-17,3.95065e-05,1.68584e-17,
0.67431,2.54992e-07,0.0269593,1.24504e-06,1.50166e-05,3.11233e-07,0.298498,7.30533e-17,0.000176211,1.60774e-17,3.95065e-05,1.41628e-17,
0.67431,1.8427e-07,0.0269599,9.01986e-07,1.50169e-05,2.24913e-07,0.298498,6.13723e-17,0.000176211,1.35066e-17,3.95065e-05,1.18982e-17,
0.67431,1.33163e-07,0.0269603,6.5305e-07,1.50172e-05,1.62533e-07,0.298498,5.15591e-17,0.000176211,1.1347e-17,3.95065e-05,9.99571e-18,
0.67431,9.62301e-08,0.0269606,4.72596e-07,1.50174e-05,1.17455e-07,0.298498,4.3315e-17,0.000176211,9.53263e-18,3.95065e-05,8.39742e-18,
0.67431,6.95406e-08,0.0269608,3.41885e-07,1.50175e-05,8.48785e-08,0.298498,3.6389e-17,0.000176211,8.00839e-18,3.95065e-05,7.0547e-18,
0.67431,5.02535e-08,0.026961,2.47261e-07,1.50176e-05,6.13374e-08,0.298498,3.05705e-17,0.000176211,6.72787e-18,3.95065e-05,5.92668e-18,
0.67431,3.63157e-08,0.0269611,1.78791e-07,1.50177e-05,4.43255e-08,0.298498,2.56824e-17,0.000176211,5.65211e-18,3.95065e-05,4.97902e-18,
0.67431,2.62435e-08,0.0269612,1.29261e-07,1.50177e-05,3.20318e-08,0.298498,2.15759e-17,0.000176211,4.74835e-18,3.95065e-05,4.18289e-18,
0.67431,2.9061e-09,0.0269613,9.34426e-08,1.50178e-05,2.31477e-08,0.298498,2.14423e-17,0.000176211,3.98911e-18,3.95065e-05,3.51406e-18,
0.67431,3.21809e-10,0.0269613,5.33791e-08,1.50178e-05,2.56329e-09,0.298498,2.13096e-17,0.000176211,3.8914e-18,3.95065e-05,3.49231e-18,
0.67431,3.56359e-11,0.0269613,2.93124e-08,1.50178e-05,2.83848e-10,0.298498,2.11777e-17,0.000176211,3.86e-18,3.95065e-05,3.47069e-18,
0.67431,3.94617e-12,0.0269614,1.59721e-08,1.50178e-05,3.14321e-11,0.298498,2.10466e-17,0.000176211,3.83538e-18,3.95065e-05,3.44921e-18,
0.67431,4.36982e-13,0.0269614,8.6894e-09,1.50178e-05,3.48067e-12,0.298498,2.09163e-17,0.000176211,3.81156e-18,3.95065e-05,3.42785e-18,
0.67431,4.83896e-14,0.0269614,4.72584e-09,1.50178e-05,3.85435e-13,0.298498,2.07868e-17,0.000176211,3.78796e-18,3.95065e-05,3.40663e-18,
0.67431,5.35847e-15,0.0269614,2.57004e-09,1.50178e-05,4.26815e-14,0.298498,2.06581e-17,0.000176211,3.76451e-18,3.95065e-05,3.38555e-18,
0.67431,5.93375e-16,0.0269614,1.39764e-09,1.50178e-05,4.72637e-15,0.298498,2.05303e-17,0.000176211,3.74121e-18,3.95065e-05,3.36459e-18,
0.67431,6.57079e-17,0.0269614,7.60065e-10,1.50178e-05,5.23379e-16,0.298498,2.04032e-17,0.000176211,3.71805e-18,3.95065e-05,3.34376e-18,
0.67431,7.27623e-18,0.0269614,4.13338e-10,1.50178e-05,5.79568e-17,0.298498,2.02769e-17,0.000176211,3.69503e-18,3.95065e-05,3.32306e-18,
0.67431,8.05739e-19,0.0269614,2.24781e-10,1.50178e-05,6.4179e-18,0.298498,2.01514e-17,0.000176211,3.67216e-18,3.95065e-05,3.30249e-18,
0.67431,8.92243e-20,0.0269614,1.2224e-10,1.50178e-05,7.10692e-19,0.298498,2.00266e-17,0.000176211,3.64943e-18,3.95065e-05,3.28205e-18,
0.67431,9.88033e-21,0.0269614,6.64765e-11,1.50178e-05,7.86991e-20,0.298498,1.99026e-17,0.000176211,3.62684e-18,3.95065e-05,3.26173e-18,
0.67431,1.09411e-21,0.0269614,3.61512e-11,1.50178e-05,8.71482e-21,0.298498,1.97794e-17,0.000176211,3.60439e-18,3.95065e-05,3.24154e-18,
0.67431,1.21157e-22,0.0269614,1.96597e-11,1.50178e-05,9.65043e-22,0.298498,1.9657e-17,0.000176211,3.58207e-18,3.95065e-05,3.22147e-18,
0.67431,1.34164e-23,0.0269614,1.06913e-11,1.50178e-05,1.06865e-22,0.298498,1.95353e-17,0.000176211,3.5599e-18,3.95065e-05,3.20153e-18,
0.67431,1.48568e-24,0.0269614,5.81413e-12,1.50178e-05,1.18338e-23,0.298498,1.94144e-17,0.000176211,3.53786e-18,3.95065e-05,3.18171e-18,
0.67431,1.64518e-25,0.0269614,3.16184e-12,1.50178e-05,1.31042e-24,0.298498,1.92942e-17,0.000176211,3.51596e-18,3.95065e-05,3.16202e-18,
0.67431,1.82181e-26,0.0269614,1.71947e-12,1.50178e-05,1.45111e-25,0.298498,1.91748e-17,0.000176211,3.4942e-18,3.95065e-05,3.14245e-18,
0.67431,2.01739e-27,0.0269614,9.35078e-13,1.50178e-05,1.6069e-26,0.298498,1.90561e-17,0.000176211,3.47257e-18,3.95065e-05,3.12299e-18,
0.67431,2.23398e-28,0.0269614,5.08513e-13,1.50178e-05,1.77942e-27,0.298498,1.89381e-17,0.000176211,3.45107e-18,3.95065e-05,3.10366e-18,
0.67431,2.47382e-29,0.0269614,2.76539e-13,1.50178e-05,1.97045e-28,0.298498,1.88209e-17,0.000176211,3.42971e-18,3.95065e-05,3.08445e-18,
0.67431,2.7394e-30,0.0269614,1.50387e-13,1.50178e-05,2.182e-29,0.298498,1.87044e-17,0.000176211,3.40848e-18,3.95065e-05,3.06535e-18,
0.67431,3.0335e-31,0.0269614,8.17833e-14,1.50178e-05,2.41625e-30,0.298498,1.85886e-17,0.000176211,3.38738e-18,3.95065e-05,3.04638e-18,
0.67431,3.35918e-32,0.0269614,4.44753e-14,1.50178e-05,2.67566e-31,0.298498,1.84735e-17,0.000176211,3.36641e-18,3.95065e-05,3.02752e-18,
0.67431,3.71981e-33,0.0269614,2.41865e-14,1.50178e-05,2.96292e-32,0.298498,1.83592e-17,0.000176211,3.34557e-18,3.95065e-05,3.00878e-18,
0.67431,4.11917e-34,0.0269614,1.31531e-14,1.50178e-05,3.28101e-33,0.298498,1.82455e-17,0.000176211,3.32486e-18,3.95065e-05,2.99015e-18,
0.67431,4.5614e-35,0.0269614,7.15289e-15,1.50178e-05,3.63326e-34,0.298498,1.81326e-17,0.000176211,3.30428e-18,3.95065e-05,2.97165e-18,
0.67431,5.0511e-36,0.0269614,3.88988e-15,1.50178e-05,4.02332e-35,0.298498,1.80203e-17,0.000176211,3.28382e-18,3.95065e-05,2.95325e-18,
0.67431,5.59339e-37,0.0269614,2.11539e-15,1.50178e-05,4.45526e-36,0.298498,1.79088e-17,0.000176211,3.2635e-18,3.95065e-05,2.93497e-18,
0.67431,6.19389e-38,0.0269614,1.15039e-15,1.50178e-05,4.93357e-37,0.298498,1.77979e-17,0.000176211,3.2433e-18,3.95065e-05,2.9168e-18,
0.67431,6.85886e-39,0.0269614,6.25603e-16,1.50178e-05,5.46324e-38,0.298498,1.76877e-17,0.000176211,3.22322e-18,3.95065e-05,2.89874e-18,
0.67431,7.59522e-40,0.0269614,3.40215e-16,1.50178e-05,6.04976e-39,0.298498,1.75782e-17,0.000176211,3.20327e-18,3.95065e-05,2.8808e-18,
0.67431,8.41063e-41,0.0269614,1.85015e-16,1.50178e-05,6.69926e-40,0.298498,1.74694e-17,0.000176211,3.18344e-18,3.95065e-05,2.86297e-18,
0.67431,9.31359e-42,0.0269614,1.00615e-16,1.50178e-05,7.41849e-41,0.298498,1.73613e-17,0.000176211,3.16373e-18,3.95065e-05,2.84524e-18,
0.67431,4.07371e-41,0.0269614,5.47162e-17,1.50178e-05,8.21493e-42,0.298498,1.29911e-17,0.000176211,3.14415e-18,3.95065e-05,2.82763e-18,
0.67431,1.78182e-40,0.0269614,2.97557e-17,1.50178e-05,3.59316e-41,0.298498,9.721e-18,0.000176211,2.43042e-18,3.95065e-05,2.11586e-18,
0.67431,7.79356e-40,0.0269614,1.61817e-17,1.50178e-05,1.57163e-40,0.298498,7.27404e-18,0.000176211,1.82641e-18,3.95065e-05,1.58326e-18,
0.67431,3.40886e-39,0.0269614,8.79991e-18,1.50178e-05,6.87421e-40,0.298498,5.44302e-18,0.000176211,1.36744e-18,3.95065e-05,1.18472e-18,
0.67431,1.49102e-38,0.0269614,4.78556e-18,1.50178e-05,3.00674e-39,0.298498,4.07291e-18,0.000176211,1.02331e-18,3.95065e-05,8.86505e-19,
0.67431,6.52162e-38,0.0269614,2.60248e-18,1.50178e-05,1.31513e-38,0.298498,3.04768e-18,0.000176211,7.65731e-19,3.95065e-05,6.63354e-19,
0.67431,2.85252e-37,0.0269614,1.41528e-18,1.50178e-05,5.75231e-38,0.298498,2.28052e-18,0.000176211,5.72982e-19,3.95065e-05,4.96375e-19,
0.67431,1.24767e-36,0.0269614,7.69654e-19,1.50178e-05,2.51603e-37,0.298498,1.70647e-18,0.000176211,4.28752e-19,3.95065e-05,3.71428e-19,
0.67431,5.45726e-36,0.0269614,4.18552e-19,1.50178e-05,1.1005e-36,0.298498,1.27692e-18,0.000176211,3.20827e-19,3.95065e-05,2.77932e-19,
0.67431,2.38697e-35,0.0269614,2.27617e-19,1.50178e-05,4.8135e-36,0.298498,9.55492e-19,0.000176211,2.40068e-19,3.95065e-05,2.07971e-19,
0.67431,1.04405e-34,0.0269614,1.23782e-19,1.50178e-05,2.1054e-35,0.298498,7.14977e-19,0.000176211,1.79638e-19,3.95065e-05,1.55621e-19,
0.67431,4.56661e-34,0.0269614,6.73151e-20,1.50178e-05,9.20889e-35,0.298498,5.35003e-19,0.000176211,1.3442e-19,3.95065e-05,1.16448e-19,
0.67431,1.99741e-33,0.0269614,3.66072e-20,1.50178e-05,4.02792e-34,0.298498,4.00332e-19,0.000176211,1.00584e-19,3.95065e-05,8.71359e-20,
0.67431,8.73654e-33,0.0269614,1.99077e-20,1.50178e-05,1.76179e-33,0.298498,2.99561e-19,0.000176211,7.5265e-20,3.95065e-05,6.52021e-20,
0.67431,3.82131e-32,0.0269614,1.08262e-20,1.50178e-05,7.70595e-33,0.298498,2.24156e-19,0.000176211,5.63193e-20,3.95065e-05,4.87895e-20,
0.67431,1.67142e-31,0.0269614,5.88748e-21,1.50178e-05,3.37054e-32,0.298498,1.67731e-19,0.000176211,4.21427e-20,3.95065e-05,3.65082e-20,
0.67431,7.3107e-31,0.0269614,3.20172e-21,1.50178e-05,1.47425e-31,0.298498,1.2551e-19,0.000176211,3.15345e-20,3.95065e-05,2.73184e-20,
0.67431,3.19766e-30,0.0269614,1.74116e-21,1.50178e-05,6.44831e-31,0.298498,9.39168e-20,0.000176211,2.35967e-20,3.95065e-05,2.04418e-20,
0.67431,1.39864e-29,0.0269614,9.46874e-22,1.50178e-05,2.82045e-30,0.298498,7.02762e-20,0.000176211,1.76569e-20,3.95065e-05,1.52962e-20,
0.67431,6.11756e-29,0.0269614,5.14928e-22,1.50178e-05,1.23365e-29,0.298498,5.25863e-20,0.000176211,1.32123e-20,3.95065e-05,1.14459e-20,
0.67431,2.67578e-28,0.0269614,2.80028e-22,1.50178e-05,5.39591e-29,0.298498,3.93493e-20,0.000176211,9.88655e-21,3.95065e-05,8.56472e-21,
0.67431,1.17037e-27,0.0269614,1.52284e-22,1.50178e-05,2.36014e-28,0.298498,2.94443e-20,0.000176211,7.39791e-21,3.95065e-05,6.40882e-21,
0.67431,5.11914e-27,0.0269614,8.28162e-23,1.50178e-05,1.03231e-27,0.298498,2.20326e-20,0.000176211,5.53571e-21,3.95065e-05,4.79559e-21,
0.67431,2.23908e-26,0.0269614,4.50415e-23,1.50178e-05,4.51527e-27,0.298498,1.64866e-20,0.000176211,4.14227e-21,3.95065e-05,3.58845e-21,
0.67431,9.79362e-26,0.0269614,2.45142e-23,1.50178e-05,1.97495e-26,0.298498,1.23366e-20,0.000176211,3.09958e-21,3.95065e-05,2.68517e-21,
0.67431,4.28367e-25,0.0269614,1.34177e-23,1.50178e-05,8.63833e-26,0.298498,9.23123e-21,0.000176211,2.31935e-21,3.95065e-05,2.00926e-21,
0.67431,1.87365e-24,0.0269614,7.67461e-24,1.50178e-05,3.77836e-25,0.298498,6.90755e-21,0.000176211,1.73553e-21,3.95065e-05,1.50349e-21,
0.67431,8.19525e-24,0.0269614,5.82623e-24,1.50178e-05,1.65263e-24,0.298498,5.16879e-21,0.000176211,1.29866e-21,3.95065e-05,1.12503e-21,
0.67431,3.58456e-23,0.0269614,1.03969e-23,1.50178e-05,7.22851e-24,0.298498,3.8677e-21,0.000176211,9.71764e-22,3.95065e-05,8.4184e-22,
0.67431,1.56786e-22,0.0269614,3.72712e-23,1.50178e-05,3.16171e-23,0.298498,2.89413e-21,0.000176211,7.27152e-22,3.95065e-05,6.29932e-22,
0.67431,6.85775e-22,0.0269614,1.5856e-22,1.50178e-05,1.38291e-22,0.298498,2.16562e-21,0.000176211,5.44114e-22,3.95065e-05,4.71366e-22,
0.67431,2.99954e-21,0.0269614,6.91107e-22,1.50178e-05,6.04879e-22,0.298498,1.62049e-21,0.000176211,4.0715e-22,3.95065e-05,3.52714e-22,
0.67431,1.31198e-20,0.0269614,3.02154e-21,1.50178e-05,2.6457e-21,0.298498,1.21258e-21,0.000176211,3.04662e-22,3.95065e-05,2.63929e-22,
0.67431,5.73853e-20,0.0269614,1.32153e-20,1.50178e-05,1.15722e-20,0.298498,9.07352e-22,0.000176211,2.27973e-22,3.95065e-05,1.97493e-22,
0.67431,2.51e-19,0.0269614,5.78027e-20,1.50178e-05,5.06159e-20,0.298498,6.78954e-22,0.000176211,1.70588e-22,3.95065e-05,1.4778e-22,
0.67431,1.09786e-18,0.0269614,2.52825e-19,1.50178e-05,2.21391e-19,0.298498,5.08048e-22,0.000176211,1.27648e-22,3.95065e-05,1.10581e-22,
0.67431,4.80197e-18,0.0269614,1.10584e-18,1.50178e-05,9.68352e-19,0.298498,3.80163e-22,0.000176211,9.55162e-23,3.95065e-05,8.27457e-23,
0.67431,2.10036e-17,0.0269614,4.8369e-18,1.50178e-05,4.23552e-18,0.298498,2.84468e-22,0.000176211,7.14729e-23,3.95065e-05,6.1917e-23,
0.67431,9.18683e-17,0.0269614,2.11563e-17,1.50178e-05,1.85259e-17,0.298498,2.12862e-22,0.000176211,5.34818e-23,3.95065e-05,4.63313e-23,
0.67431,4.01827e-16,0.0269614,9.25365e-17,1.50178e-05,8.10313e-17,0.298498,1.59281e-22,0.000176211,4.00194e-23,3.95065e-05,3.46688e-23,
0.67431,1.75757e-15,0.0269614,4.04749e-16,1.50178e-05,3.54426e-16,0.298498,1.19187e-22,0.000176211,2.99457e-23,3.95065e-05,2.5942e-23,
0.67431,7.6875e-15,0.0269614,1.77035e-15,1.50178e-05,1.55024e-15,0.298498,8.9185e-23,0.000176211,2.24078e-23,3.95065e-05,1.94119e-23,
0.67431,3.36247e-14,0.0269614,7.74341e-15,1.50178e-05,6.78066e-15,0.298498,6.67354e-23,0.000176211,1.67673e-23,3.95065e-05,1.45256e-23,
0.67431,1.47072e-13,0.0269614,3.38692e-14,1.50178e-05,2.96582e-14,0.298498,4.99368e-23,0.000176211,1.25467e-23,3.95065e-05,1.08692e-23,
0.67431,6.43286e-13,0.0269614,1.48142e-13,1.50178e-05,1.29723e-13,0.298498,3.73668e-23,0.000176211,9.38843e-24,3.95065e-05,8.13321e-24,
0.67431,2.8137e-12,0.0269614,6.47964e-13,1.50178e-05,5.67402e-13,0.298498,2.79608e-23,0.000176211,7.02518e-24,3.95065e-05,6.08592e-24,
0.67431,1.23069e-11,0.0269614,2.83416e-12,1.50178e-05,2.48178e-12,0.298498,2.09225e-23,0.000176211,5.25681e-24,3.95065e-05,4.55398e-24,
0.67431,5.38299e-11,0.0269614,1.23964e-11,1.50178e-05,1.08552e-11,0.298498,1.56559e-23,0.000176211,3.93357e-24,3.95065e-05,3.40765e-24,
0.67431,2.35449e-10,0.0269614,5.42213e-11,1.50178e-05,4.74799e-11,0.298498,1.1715e-23,0.000176211,2.94341e-24,3.95065e-05,2.54988e-24,
0.67431,1.02984e-09,0.0269614,2.37161e-10,1.50178e-05,2.07674e-10,0.298498,8.76613e-24,0.000176211,2.2025e-24,3.95065e-05,1.90803e-24,
0.67431,4.50446e-09,0.0269614,1.03733e-09,1.50178e-05,9.08356e-10,0.298498,6.55953e-24,0.000176211,1.64809e-24,3.95065e-05,1.42774e-24,
0.674309,1.97022e-08,0.0269614,4.53722e-09,1.50178e-05,3.9731e-09,0.298498,4.90837e-24,0.000176211,1.23323e-24,3.95065e-05,1.06835e-24,
0.674309,8.61764e-08,0.0269614,1.98455e-08,1.50178e-05,1.73781e-08,0.298498,3.67284e-24,0.000176211,9.22804e-25,3.95065e-05,7.99426e-25,
0.674309,3.76931e-07,0.0269614,8.68031e-08,1.50178e-05,7.60108e-08,0.298498,2.74831e-24,0.000176211,6.90516e-25,3.95065e-05,5.98195e-25,
0.674307,1.64867e-06,0.0269615,3.79672e-07,1.50179e-05,3.32467e-07,0.298498,2.05651e-24,0.000176211,5.167e-25,3.95065e-05,4.47617e-25,
0.674306,1.69906e-06,0.0269619,1.66066e-06,1.5018e-05,1.45419e-06,0.298498,3.30624e-24,0.000176211,3.86636e-25,3.95065e-05,3.34944e-25,
0.674304,1.75099e-06,0.0269628,2.40174e-06,1.50184e-05,1.49864e-06,0.298498,5.31543e-24,0.000176211,5.77168e-25,3.95065e-05,5.38487e-25,
0.674302,1.8045e-06,0.0269641,2.85055e-06,1.50191e-05,1.54444e-06,0.298498,8.54559e-24,0.000176211,9.23466e-25,3.95065e-05,8.65723e-25,
0.6743,1.85964e-06,0.0269656,3.14182e-06,1.502e-05,1.59164e-06,0.298498,1.37387e-23,0.000176211,1.48421e-24,3.95065e-05,1.39182e-24,
0.674298,1.91646e-06,0.0269673,3.34885e-06,1.50209e-05,1.64027e-06,0.298498,2.20877e-23,0.000176211,2.38611e-24,3.95065e-05,2.23762e-24,
0.674296,1.97501e-06,0.026969,3.51156e-06,1.50218e-05,1.69039e-06,0.298498,3.55102e-23,0.000176211,3.83613e-24,3.95065e-05,3.59741e-24,
0.674294,2.03535e-06,0.0269709,3.65169e-06,1.50228e-05,1.74204e-06,0.298498,5.70896e-23,0.000176211,6.16733e-24,3.95065e-05,5.78354e-24,
0.674292,2.09752e-06,0.0269728,3.78111e-06,1.50239e-05,1.79525e-06,0.298498,9.17827e-23,0.000176211,9.91518e-24,3.95065e-05,9.29818e-24,
0.67429,2.16158e-06,0.0269747,3.90633e-06,1.5025e-05,1.85009e-06,0.298498,1.47559e-22,0.000176211,1.59406e-23,3.95065e-05,1.49486e-23,
0.674288,2.22759e-06,0.0269768,4.03093e-06,1.50261e-05,1.9066e-06,0.298498,2.37229e-22,0.000176211,2.56276e-23,3.95065e-05,2.40329e-23,
0.674286,2.29561e-06,0.0269789,4.15692e-06,1.50273e-05,1.96482e-06,0.298498,3.81392e-22,0.000176211,4.12014e-23,3.95065e-05,3.86375e-23,
0.674283,2.3657e-06,0.026981,4.28543e-06,1.50285e-05,2.02482e-06,0.298498,6.13163e-22,0.000176211,6.62393e-23,3.95065e-05,6.21173e-23,
0.674281,2.43793e-06,0.0269833,4.41713e-06,1.50297e-05,2.08664e-06,0.298498,9.85779e-22,0.000176211,1.06493e-22,3.95065e-05,9.98658e-23,
0.674278,2.51234e-06,0.0269856,4.55246e-06,1.5031e-05,2.15034e-06,0.298498,1.58483e-21,0.000176211,1.71208e-22,3.95065e-05,1.60554e-22,
0.674276,2.58902e-06,0.0269879,4.69169e-06,1.50323e-05,2.21598e-06,0.298498,2.54793e-21,0.000176211,2.7525e-22,3.95065e-05,2.58121e-22,
0.674273,2.66803e-06,0.0269904,4.83504e-06,1.50336e-05,2.28361e-06,0.298498,4.09629e-21,0.000176211,4.42518e-22,3.95065e-05,4.14981e-22,
0.67427,2.74944e-06,0.0269929,4.98269e-06,1.5035e-05,2.3533e-06,0.298498,6.58559e-21,0.000176211,7.11434e-22,3.95065e-05,6.67162e-22,
0.674267,2.83332e-06,0.0269955,5.13479e-06,1.50365e-05,2.42511e-06,0.298498,1.05876e-20,0.000176211,1.14377e-21,3.95065e-05,1.07259e-21,
0.674264,2.91975e-06,0.0269982,5.29149e-06,1.50379e-05,2.49909e-06,0.298498,1.70217e-20,0.000176211,1.83883e-21,3.95065e-05,1.7244e-21,
0.674261,3.0088e-06,0.0270009,5.45294e-06,1.50395e-05,2.57533e-06,0.298498,2.73657e-20,0.000176211,2.95628e-21,3.95065e-05,2.77232e-21,
0.674258,3.10055e-06,0.0270038,5.61928e-06,1.5041e-05,2.65387e-06,0.298498,4.39956e-20,0.000176211,4.7528e-21,3.95065e-05,4.45704e-21,
0.674255,3.19509e-06,0.0270067,5.79068e-06,1.50426e-05,2.7348e-06,0.298498,7.07316e-20,0.000176211,7.64106e-21,3.95065e-05,7.16556e-21,
0.674252,3.2925e-06,0.0270097,5.96727e-06,1.50443e-05,2.81819e-06,0.298498,1.13715e-19,0.000176211,1.22845e-20,3.95065e-05,1.152e-20,
0.674248,3.39285e-06,0.0270128,6.14922e-06,1.5046e-05,2.9041e-06,0.298498,1.82819e-19,0.000176211,1.97497e-20,3.95065e-05,1.85207e-20,
0.674245,3.49625e-06,0.027016,6.33668e-06,1.50478e-05,2.99262e-06,0.298498,2.93917e-19,0.000176211,3.17515e-20,3.95065e-05,2.97757e-20,
0.674241,3.60278e-06,0.0270193,6.52983e-06,1.50496e-05,3.08382e-06,0.298498,4.72529e-19,0.000176211,5.10468e-20,3.95065e-05,4.78702e-20,
0.674238,3.71254e-06,0.0270227,6.72883e-06,1.50515e-05,3.17779e-06,0.298498,7.59682e-19,0.000176211,8.20677e-20,3.95065e-05,7.69607e-20,
0.674234,3.82562e-06,0.0270262,6.93386e-06,1.50534e-05,3.2746e-06,0.298498,1.22134e-18,0.000176211,1.3194e-19,3.95065e-05,1.23729e-19,
0.67423,3.94212e-06,0.0270299,7.1451e-06,1.50554e-05,3.37434e-06,0.298498,1.96354e-18,0.000176211,2.12119e-19,3.95065e-05,1.98919e-19,
0.674226,4.06215e-06,0.0270336,7.36274e-06,1.50575e-05,3.4771e-06,0.298498,3.15677e-18,0.000176211,3.41023e-19,3.95065e-05,3.19801e-19,
0.674222,4.1858e-06,0.0270374,7.58696e-06,1.50596e-05,3.58296e-06,0.298498,5.07513e-18,0.000176211,5.48261e-19,3.95065e-05,5.14143e-19,
0.674217,4.31319e-06,0.0270414,7.81796e-06,1.50618e-05,3.69203e-06,0.298498,8.15926e-18,0.000176211,8.81436e-19,3.95065e-05,8.26586e-19,
0.674213,4.44443e-06,0.0270454,8.05595e-06,1.5064e-05,3.8044e-06,0.298498,1.31176e-17,0.000176211,1.41708e-18,3.95065e-05,1.3289e-18,
0.674208,4.57964e-06,0.0270496,8.30114e-06,1.50664e-05,3.92016e-06,0.298498,2.10891e-17,0.000176211,2.27823e-18,3.95065e-05,2.13646e-18,
0.674204,4.71892e-06,0.027054,8.55372e-06,1.50688e-05,4.03941e-06,0.298498,3.39049e-17,0.000176211,3.66271e-18,3.95065e-05,3.43478e-18,
0.674199,4.86241e-06,0.0270584,8.81394e-06,1.50712e-05,4.16227e-06,0.298498,5.45087e-17,0.000176211,5.88852e-18,3.95065e-05,5.52208e-18,
0.674194,5.01023e-06,0.027063,9.08201e-06,1.50738e-05,4.28883e-06,0.298498,8.76334e-17,0.000176211,9.46694e-18,3.95065e-05,8.87783e-18,
0.674189,5.16249e-06,0.0270677,9.35818e-06,1.50764e-05,4.4192e-06,0.298498,1.40888e-16,0.000176211,1.522e-17,3.95065e-05,1.42728e-17,
0.674183,5.31935e-06,0.0270726,9.64266e-06,1.50791e-05,4.55351e-06,0.298498,2.26505e-16,0.000176211,2.44691e-17,3.95065e-05,2.29464e-17,
0.674178,5.48093e-06,0.0270776,9.93573e-06,1.50818e-05,4.69186e-06,0.298498,3.6415e-16,0.000176211,3.93388e-17,3.95065e-05,3.68908e-17,
0.674172,5.64737e-06,0.0270828,1.02376e-05,1.50847e-05,4.83438e-06,0.298498,5.85443e-16,0.000176211,6.32448e-17,3.95065e-05,5.93092e-17,
0.674166,5.81882e-06,0.0270881,1.05486e-05,1.50877e-05,4.98119e-06,0.298498,9.41214e-16,0.000176211,1.01678e-16,3.95065e-05,9.5351e-17,
0.67416,5.99542e-06,0.0270936,1.08689e-05,1.50907e-05,5.13241e-06,0.298498,1.51319e-15,0.000176211,1.63468e-16,3.95065e-05,1.53295e-16,
0.674154,6.17732e-06,0.0270993,1.11989e-05,1.50938e-05,5.28818e-06,0.298498,2.43274e-15,0.000176211,2.62806e-16,3.95065e-05,2.46452e-16,
0.674148,6.36469e-06,0.0271051,1.15388e-05,1.5097e-05,5.44863e-06,0.298498,3.91111e-15,0.000176211,4.22513e-16,3.95065e-05,3.9622e-16,
0.674141,6.33082e-06,0.0271111,1.18889e-05,1.51004e-05,5.61389e-06,0.298498,5.98805e-15,0.000176211,6.79272e-16,3.95065e-05,6.37002e-16,
0.674135,6.29707e-06,0.0271173,1.20494e-05,1.51038e-05,5.58402e-06,0.298498,9.16792e-15,0.000176211,1.04323e-15,3.95065e-05,9.75273e-16,
0.674129,6.26345e-06,0.0271235,1.2107e-05,1.51073e-05,5.55425e-06,0.298498,1.40364e-14,0.000176211,1.59755e-15,3.95065e-05,1.49318e-15,
0.674123,6.22994e-06,0.0271298,1.21086e-05,1.51107e-05,5.52459e-06,0.298498,2.14903e-14,0.000176211,2.44594e-15,3.95065e-05,2.28611e-15,
0.674116,6.19656e-06,0.0271361,1.20799e-05,1.51142e-05,5.49504e-06,0.298498,3.29024e-14,0.000176211,3.74482e-15,3.95065e-05,3.50012e-15,
0.67411,6.1633e-06,0.0271423,1.20349e-05,1.51177e-05,5.4656e-06,0.298498,5.03748e-14,0.000176211,5.73346e-15,3.95065e-05,5.35881e-15,
0.674104,6.13017e-06,0.0271485,1.19811e-05,1.51212e-05,5.43626e-06,0.298498,7.71256e-14,0.000176211,8.77814e-15,3.95065e-05,8.20454e-15,
0.674098,6.09715e-06,0.0271547,1.19226e-05,1.51246e-05,5.40703e-06,0.298498,1.18082e-13,0.000176211,1.34396e-14,3.95065e-05,1.25614e-14,
0.674092,6.06426e-06,0.0271609,1.18616e-05,1.51281e-05,5.37791e-06,0.298498,1.80788e-13,0.000176211,2.05766e-14,3.95065e-05,1.9232e-14,
0.674086,6.03149e-06,0.027167,1.17995e-05,1.51315e-05,5.3489e-06,0.298498,2.76793e-13,0.000176211,3.15035e-14,3.95065e-05,2.94449e-14,
0.67408,5.99885e-06,0.0271731,1.17368e-05,1.51349e-05,5.32e-06,0.298498,4.23781e-13,0.000176211,4.8233e-14,3.95065e-05,4.50813e-14,
0.674074,5.96633e-06,0.0271791,1.16739e-05,1.51382e-05,5.2912e-06,0.298498,6.48824e-13,0.000176211,7.38466e-14,3.95065e-05,6.90211e-14,
0.674068,5.93393e-06,0.0271851,1.1611e-05,1.51416e-05,5.26252e-06,0.298498,9.93373e-13,0.000176211,1.13062e-13,3.95065e-05,1.05674e-13,
0.674062,5.90165e-06,0.0271911,1.15482e-05,1.51449e-05,5.23394e-06,0.298498,1.52089e-12,0.000176211,1.73102e-13,3.95065e-05,1.61791e-13,
0.674056,5.86951e-06,0.0271971,1.14856e-05,1.51483e-05,5.20548e-06,0.298498,2.32854e-12,0.000176211,2.65025e-13,3.95065e-05,2.47707e-13,
0.67405,5.83748e-06,0.027203,1.14232e-05,1.51516e-05,5.17712e-06,0.298498,3.56508e-12,0.000176211,4.05763e-13,3.95065e-05,3.79249e-13,
0.674045,5.80558e-06,0.0272089,1.1361e-05,1.51549e-05,5.14887e-06,0.298498,5.45826e-12,0.000176211,6.21238e-13,3.95065e-05,5.80644e-13,
0.674039,5.7738e-06,0.0272148,1.12991e-05,1.51581e-05,5.12074e-06,0.298498,8.3568e-12,0.000176211,9.51138e-13,3.95065e-05,8.88987e-13,
0.674033,5.74215e-06,0.0272206,1.12374e-05,1.51614e-05,5.09271e-06,0.298498,1.27946e-11,0.000176211,1.45623e-12,3.95065e-05,1.36107e-12,
0.674027,5.71063e-06,0.0272264,1.11759e-05,1.51646e-05,5.06479e-06,0.298498,1.9589e-11,0.000176211,2.22954e-12,3.95065e-05,2.08385e-12,
0.674022,5.67922e-06,0.0272322,1.11146e-05,1.51678e-05,5.03698e-06,0.298498,2.99914e-11,0.000176211,3.4135e-12,3.95065e-05,3.19045e-12,
0.674016,5.64795e-06,0.0272379,1.10536e-05,1.5171e-05,5.00929e-06,0.298498,4.59179e-11,0.000176211,5.2262e-12,3.95065e-05,4.8847e-12,
0.67401,5.6168e-06,0.0272436,1.09929e-05,1.51742e-05,4.9817e-06,0.298498,7.03021e-11,0.000176211,8.0015e-12,3.95065e-05,7.47865e-12,
0.674005,5.58577e-06,0.0272493,1.09324e-05,1.51774e-05,4.95422e-06,0.298498,1.07635e-10,0.000176211,1.22506e-11,3.95065e-05,1.14501e-11,
0.673999,5.55487e-06,0.027255,1.08721e-05,1.51805e-05,4.92686e-06,0.298498,1.64793e-10,0.000176211,1.87561e-11,3.95065e-05,1.75305e-11,
0.673994,5.5241e-06,0.0272606,1.0812e-05,1.51837e-05,4.8996e-06,0.298498,2.52304e-10,0.000176211,2.87163e-11,3.95066e-05,2.68398e-11,
0.673988,5.49345e-06,0.0272661,1.07523e-05,1.51868e-05,4.87246e-06,0.298498,3.86287e-10,0.000176211,4.39657e-11,3.95066e-05,4.10928e-11,
0.673983,5.46292e-06,0.0272717,1.06927e-05,1.51899e-05,4.84542e-06,0.298498,5.9142e-10,0.000176212,6.73131e-11,3.95066e-05,6.29146e-11,
0.673977,5.43252e-06,0.0272772,1.06334e-05,1.5193e-05,4.8185e-06,0.298498,9.05486e-10,0.000176212,1.03059e-10,3.95067e-05,9.63245e-11,
0.673972,5.40225e-06,0.0272827,1.05743e-05,1.5196e-05,4.79169e-06,0.298498,1.38633e-09,0.000176212,1.57787e-10,3.95067e-05,1.47476e-10,
0.673967,5.3721e-06,0.0272882,1.05155e-05,1.51991e-05,4.76499e-06,0.298498,2.12252e-09,0.000176213,2.41577e-10,3.95068e-05,2.25792e-10,
0.673961,5.34208e-06,0.0272936,1.04569e-05,1.52021e-05,4.73839e-06,0.298498,3.24966e-09,0.000176214,3.69864e-10,3.9507e-05,3.45695e-10,
0.673956,5.31219e-06,0.027299,1.03986e-05,1.52051e-05,4.71191e-06,0.298498,4.97535e-09,0.000176216,5.66275e-10,3.95073e-05,5.29272e-10,
0.673951,5.28242e-06,0.0273044,1.03405e-05,1.52081e-05,4.68555e-06,0.298498,7.61745e-09,0.000176219,8.66988e-10,3.95077e-05,8.10335e-10,
0.673945,5.25277e-06,0.0273097,1.02826e-05,1.52111e-05,4.65929e-06,0.298498,1.16626e-08,0.000176223,1.32739e-09,3.95083e-05,1.24065e-09,
0.67394,5.22325e-06,0.027315,1.0225e-05,1.5214e-05,4.63314e-06,0.298498,1.78559e-08,0.00017623,2.03228e-09,3.95092e-05,1.89948e-09,
0.673935,5.19386e-06,0.0273203,1.01677e-05,1.5217e-05,4.6071e-06,0.298498,2.7338e-08,0.00017624,3.1115e-09,3.95107e-05,2.90818e-09,
0.67393,5.16459e-06,0.0273255,1.01105e-05,1.52199e-05,4.58118e-06,0.298498,4.18554e-08,0.000176255,4.76382e-09,3.95129e-05,4.45253e-09,
0.673925,5.13545e-06,0.0273307,1.00537e-05,1.52228e-05,4.55536e-06,0.298498,6.40821e-08,0.000176279,7.29358e-09,3.95163e-05,6.81699e-09,
0.67392,5.10643e-06,0.0273359,9.99703e-06,1.52257e-05,4.52966e-06,0.298498,9.81121e-08,0.000176315,1.11667e-08,3.95215e-05,1.04371e-08,
0.673915,5.07754e-06,0.0273411,9.94064e-06,1.52286e-05,4.50406e-06,0.298498,1.50213e-07,0.00017637,1.70967e-08,3.95295e-05,1.59795e-08,
0.67391,5.04878e-06,0.0273462,9.88449e-06,1.52315e-05,4.47858e-06,0.298498,2.29982e-07,0.000176455,2.61756e-08,3.95417e-05,2.44652e-08,
0.673904,5.02014e-06,0.0273513,9.82858e-06,1.52343e-05,4.45321e-06,0.298498,3.5211e-07,0.000176584,4.00758e-08,3.95603e-05,3.74571e-08,
0.6739,4.99162e-06,0.0273564,9.77291e-06,1.52371e-05,4.42795e-06,0.298497,5.39092e-07,0.000176782,6.13574e-08,3.95889e-05,5.73481e-08,
0.673895,4.96323e-06,0.0273614,9.71749e-06,1.52399e-05,4.40279e-06,0.298496,8.25366e-07,0.000177086,9.39403e-08,3.96326e-05,8.78018e-08,
0.67389,4.93497e-06,0.0273665,9.66231e-06,1.52427e-05,4.37775e-06,0.298495,1.26366e-06,0.00017755,1.43826e-07,3.96996e-05,1.34427e-07,
0.673885,4.90683e-06,0.0273714,9.60737e-06,1.52455e-05,4.35282e-06,0.298494,1.93469e-06,0.000178262,2.20201e-07,3.98021e-05,2.05812e-07,
0.67388,4.87881e-06,0.0273764,9.55267e-06,1.52483e-05,4.328e-06,0.298491,2.96205e-06,0.000179351,3.37133e-07,3.99591e-05,3.15103e-07,
0.673875,4.85092e-06,0.0273813,9.49822e-06,1.5251e-05,4.30329e-06,0.298488,4.53492e-06,0.000181018,5.16157e-07,4.01994e-05,4.82429e-07,
0.67387,4.82316e-06,0.0273862,9.444e-06,1.52538e-05,4.27869e-06,0.298482,6.94293e-06,0.00018357,7.90241e-07,4.05673e-05,7.38602e-07,
0.673865,4.79552e-06,0.0273911,9.39003e-06,1.52565e-05,4.2542e-06,0.298474,1.06294e-05,0.000187478,1.20985e-06,4.11307e-05,1.1308e-06,
0.673861,4.768e-06,0.027396,9.3363e-06,1.52592e-05,4.22982e-06,0.298461,1.62729e-05,0.000193461,1.85225e-06,4.19931e-05,1.73121e-06,
0.673856,4.74061e-06,0.0274008,9.28281e-06,1.52619e-05,4.20555e-06,0.29844,2.49119e-05,0.00020262,2.83568e-06,4.33135e-05,2.65037e-06,
0.673851,4.71334e-06,0.0274056,9.22956e-06,1.52646e-05,4.18139e-06,0.29841,3.81351e-05,0.000216642,4.3411e-06,4.53349e-05,4.0574e-06,
0.673846,4.6862e-06,0.0274103,9.17655e-06,1.52672e-05,4.15734e-06,0.298363,5.83722e-05,0.000238106,6.64536e-06,4.84294e-05,6.21106e-06,
0.673842,4.65918e-06,0.0274151,9.12378e-06,1.52699e-05,4.1334e-06,0.29829,8.93372e-05,0.000270961,1.01719e-05,5.31665e-05,9.50708e-06,
0.673837,4.63228e-06,0.0274198,9.07125e-06,1.52725e-05,4.10957e-06,0.29818,0.000136702,0.000321245,1.5568e-05,6.04176e-05,1.45503e-05,
0.673833,4.60551e-06,0.0274245,9.01896e-06,1.52751e-05,4.08584e-06,0.298011,0.000209115,0.000398189,2.38221e-05,7.15151e-05,2.22646e-05,
0.673828,4.57886e-06,0.0274291,8.96691e-06,1.52777e-05,4.06223e-06,0.297754,0.000319742,0.000515893,3.64418e-05,8.84966e-05,3.40586e-05,
0.673823,4.55234e-06,0.0274337,8.9151e-06,1.52803e-05,4.03873e-06,0.297359,0.00048855,0.000695868,5.57221e-05,0.000114474,5.20763e-05,
0.673819,4.52593e-06,0.0274383,8.86353e-06,1.52828e-05,4.01533e-06,0.296758,0.000745686,0.000970869,8.51448e-05,0.000154195,7.95701e-05,
